-- phpMyAdmin SQL Dump
-- version 5.2.1
-- https://www.phpmyadmin.net/
--
-- Gép: db
-- Létrehozás ideje: 2023. Nov 23. 19:16
-- Kiszolgáló verziója: 11.2.2-MariaDB-1:11.2.2+maria~ubu2204
-- PHP verzió: 8.2.12

SET SQL_MODE = "NO_AUTO_VALUE_ON_ZERO";
START TRANSACTION;
SET time_zone = "+00:00";


/*!40101 SET @OLD_CHARACTER_SET_CLIENT=@@CHARACTER_SET_CLIENT */;
/*!40101 SET @OLD_CHARACTER_SET_RESULTS=@@CHARACTER_SET_RESULTS */;
/*!40101 SET @OLD_COLLATION_CONNECTION=@@COLLATION_CONNECTION */;
/*!40101 SET NAMES utf8mb4 */;

--
-- Adatbázis: `imdb`
--

-- --------------------------------------------------------

--
-- Tábla szerkezet ehhez a táblához `actors`
--

CREATE TABLE `actors` (
  `id` varchar(36) NOT NULL,
  `name` text NOT NULL,
  `country` varchar(2) NOT NULL
) ENGINE=InnoDB DEFAULT CHARSET=utf8mb4 COLLATE=utf8mb4_general_ci;

--
-- A tábla adatainak kiíratása `actors`
--

INSERT INTO `actors` (`id`, `name`, `country`) VALUES
('03549452-6a01-4cb4-ac7d-02c58a1dd5e8', 'Shirleen Gresty', 'TH'),
('03962a3f-3dc2-4f0e-b029-d64ba0b8fa7f', 'Nikolaus Peotz', 'AF'),
('050025cb-ef74-4bb6-9432-b7a351955c44', 'Harri Remmer', 'RU'),
('06e1f1b6-4cdd-4d2f-ba2d-e23081400e76', 'Twyla Duran', 'ID'),
('07111cd4-29ac-400e-8473-fd58ad116edd', 'Virgie Drohane', 'CN'),
('080d8363-cbeb-432d-a113-4d7930dd197f', 'Lyon Pepys', 'RU'),
('09427a46-c5c0-42ac-aa84-9a61fae718bc', 'Gracia Chazier', 'FR'),
('0a52765e-574d-46a9-8636-0273145afda3', 'Pierrette McPhaden', 'UA'),
('0d001562-1fe1-408a-a9cf-645dd0a0e68f', 'Modesta Geldart', 'NI'),
('0d1a27ce-d130-4a36-9505-91ed60488327', 'Val Abbatucci', 'MN'),
('0ed745d4-0cb0-4cb3-96d3-a889ad690408', 'Sharity Boud', 'CN'),
('0ef5cd66-b7f1-4a6c-83ae-55de5666ca40', 'Teddie Thaw', 'RU'),
('10543226-f3c9-41dc-84bd-5fc1d3d4fed6', 'Charissa Tassell', 'PL'),
('106d334f-ca62-4df4-a2c0-3783b32782e6', 'Clive Oles', 'ID'),
('107dba74-351c-4a83-8eb4-e2728a92d418', 'Blair Smoughton', 'CN'),
('13271eec-afc9-4010-996c-0244b2412864', 'Amelita Nevill', 'PT'),
('13c93d78-f44c-4737-8cab-b8beb9ef61c8', 'Berkly Sodor', 'CN'),
('14182872-f7f4-4df3-b2b1-47093bf92458', 'Saunderson Eddies', 'TN'),
('16efb7de-75eb-45af-b1fb-24b4ccb76ad5', 'Randee Keast', 'PH'),
('16fd5c1e-c2c8-4d91-84ec-c10b70a344a6', 'Jerry Goskar', 'RU'),
('1a10c946-a34b-4931-bcb1-0cc723038acc', 'Alethea Pacher', 'BD'),
('1d3266d0-445c-4849-b0eb-bb86b91f795c', 'Cindelyn O\'Flynn', 'ID'),
('1d6d3a73-9739-4b91-aacb-9c616b12106e', 'Vale Darch', 'RU'),
('204b323e-a061-4736-ae87-e3e9f536a7d1', 'Emera Muselli', 'TN'),
('2590772a-06ad-4289-b898-78bfbabdc005', 'Leanora Tithecote', 'UA'),
('25e8e42a-1370-4ed1-a167-d115046b7061', 'Gayel Bodesson', 'VN'),
('2699cc04-01ab-4cf2-8512-59331004c6db', 'Maxie Hugland', 'CF'),
('27066ada-479a-464b-88bc-4eb0ed0cf25d', 'Fayth Nacey', 'JP'),
('273cc0f3-9df0-4f1d-9c5b-7cadb580af82', 'Rosetta Rowden', 'GM'),
('2a1c8167-3f31-4968-8d1b-ea83075e399e', 'Penelopa Clitheroe', 'CN'),
('2b3a8be0-42af-414d-955b-0a4fe461f03d', 'Gayler Lindgren', 'CN'),
('2c16d4ca-2d75-4b83-b866-d65f1131357b', 'Conan Rook', 'VE'),
('2c219963-3201-4592-8fe3-af9b752d6c2c', 'Grethel Lott', 'CN'),
('2f7825f2-5e51-43fc-8b44-09f106ee0623', 'Albrecht Hazeldene', 'RU'),
('2f907c98-7f3d-42a3-8bd2-ab2a4f4cd494', 'Albertine Mattia', 'CO'),
('2facdd34-8b53-4743-8620-78097d8b7fac', 'Emmaline Hartus', 'CN'),
('303683f7-d3cc-4dd5-9193-eb89c8ccec5a', 'Laurent Schust', 'NG'),
('30a3db18-a856-451c-88e2-acef38667cbb', 'Betti Jerke', 'US'),
('30fafd10-2b13-4ff3-b710-1c55e178fc71', 'Hilliary Robillard', 'PT'),
('3179b6d2-c372-477b-aa8a-9eb9e81ca9e2', 'Tan Aspey', 'FR'),
('36f0ed19-5108-47f2-ac46-689436cc24e4', 'Pavia Croshaw', 'ID'),
('370c6135-e015-42c8-be8b-da991b51d15c', 'Leanna Fagence', 'ID'),
('395cb041-1345-4079-a61f-a6077e243162', 'Humbert Farthing', 'CN'),
('3971384c-1b1f-4cbb-9472-5e8d9ee8df05', 'Casey Swett', 'SE'),
('3a5aa54d-e401-452c-a2d3-8f6788d6a386', 'Teddy Pereira', 'MX'),
('3a7d06cb-d8b5-439a-a88c-e950f106847e', 'Mervin Pendrey', 'CN'),
('3be98894-5d6a-4fdb-b323-31a42b6b5e84', 'Harvey Frichley', 'FR'),
('3c089690-e288-4257-b867-5ea4389bcf73', 'Garey Parr', 'BD'),
('3d7b41f0-8d8e-45c4-af9f-4b9a9d61d69d', 'Sholom Strathern', 'HT'),
('4227cde9-2838-49ba-a42b-ca45e466edea', 'Kimbra Yantsurev', 'PE'),
('43aa080f-099c-4bac-ba7a-4958e38939da', 'Leighton Poulsom', 'UA'),
('44e060e4-87d2-40f5-bd0a-3f137dbda672', 'Lemar Duddin', 'LT'),
('46d4fa5d-08d1-4a8d-88b0-93505887b80d', 'Kitti Iskov', 'PH'),
('476363db-4fe7-4922-9a07-110df7d4c2db', 'Kin Speechly', 'RS'),
('4ad9bfde-a70a-41ea-9fcc-b6916dd4e2c5', 'Isador Goodacre', 'SE'),
('4bad4dff-046f-4283-89a3-0a09159e2fa1', 'Hephzibah Poacher', 'CN'),
('4bb0eaa6-81da-4e82-9d71-2bc25ac71d14', 'Teressa Troman', 'GR'),
('4bd34b04-3946-4222-8466-eda420218fba', 'Phillie Darridon', 'JP'),
('4d077cf2-076b-4faf-8ccd-a5855e582621', 'Garreth Maplestone', 'GR'),
('4d827fe6-31b9-4e36-bdf7-e3dc1245ae0f', 'Latisha Scramage', 'PH'),
('4d959894-14dc-4d3a-a500-de1e9e97486a', 'Aubrette McGinly', 'PH'),
('4ff58919-adca-490c-9758-cb836fc5b534', 'Quinn Rampage', 'ID'),
('51e601ba-2aec-461b-8f76-e79c52808d70', 'Riordan McAuslene', 'SE'),
('567f04d1-280b-454e-8917-974fa06d7508', 'Marv Dimbylow', 'TZ'),
('5a487b62-bf86-4f4a-87bc-26d9eb95f988', 'Jack Janczewski', 'BR'),
('5c9edee4-87df-43be-b9e4-c841240b43da', 'Claudina Jaspar', 'SE'),
('5cc9b1d1-0801-44e6-bc95-a985682a3b28', 'Beryl Thies', 'CN'),
('5d0cbad0-fc74-4483-99e2-3a24db53a615', 'Mart Cotgrave', 'CU'),
('5dc1a2a0-d646-46ed-95dd-1f3b7b9a24ff', 'Anastasia Illing', 'CN'),
('6067510b-9511-49e5-9734-951e635ec899', 'Faulkner Merrill', 'ID'),
('617ec056-8f1b-45c0-b87c-04c67fc84920', 'Vannie Isack', 'FR'),
('618e0845-a12c-407a-9637-0143e92bbb27', 'Shantee Kisbee', 'ID'),
('61bcc301-855c-46df-8bc0-8eaf32cd4c19', 'Tonya Dulanty', 'PH'),
('62fd50e4-6c8a-4b5d-8324-89acb18bd567', 'Dukey Brauninger', 'IL'),
('646cc88d-c1f8-430d-bf17-d9a66a6360bb', 'Boris Clare', 'CN'),
('64d688ee-6560-4f64-a59a-6ffe7b202bac', 'Fonzie Greensted', 'CN'),
('66599c6f-f066-490a-8292-fc30155aed1b', 'Ferdinanda Fulle', 'LT'),
('6774e6cc-53b4-41b2-b3b2-455724decd3d', 'Row Swinn', 'CN'),
('6a07d50f-0eff-4f53-9b65-1c0d7673dd75', 'Bronson Garshore', 'GR'),
('6c676573-cde0-4d5a-906e-dc7b3738fe6d', 'Berna Chewter', 'CN'),
('6c7f55e2-9310-42c9-9942-169ed263a999', 'Gaspar Rahl', 'ID'),
('6d3765cc-cc20-454d-84f4-040103ab05f5', 'Flossy Boylan', 'HN'),
('6dfea787-ea01-4b82-bf2c-23f08c0d7634', 'Roland Mackrell', 'DO'),
('6ec96671-4e30-40d1-83e5-be7d2d58c67a', 'Lawry Lawey', 'BR'),
('6fc4569b-62db-479d-a4cb-6f870ddebf3b', 'Madeleine Naisey', 'US'),
('71607d95-ca1b-4662-9001-67cef2a28ecf', 'Lisha Allam', 'MM'),
('72465e4a-1801-421f-b9cb-0828270151ff', 'Filberte Anyon', 'DK'),
('72b33fb0-03ac-40e5-b250-f456131733de', 'Alta Addlestone', 'PL'),
('73191614-8d43-4517-9d90-fb9d4b80c8dc', 'Danice Ledamun', 'NG'),
('733249f6-cfc8-4950-bbef-8ff59c3c8a26', 'Cindra Lathaye', 'TH'),
('742592f0-768a-4b24-b200-a1551b48f8c8', 'Deny Laborde', 'FR'),
('75145bca-3a68-465a-b702-b147af50b2dc', 'Gussy Olliar', 'ID'),
('75849544-0f4a-41c4-ab92-43cfee07da95', 'Forbes Wigginton', 'CN'),
('77a9d9ee-e4c2-4d0e-9da5-0b92ef3c8ab8', 'Kennan MacComiskey', 'BR'),
('78b13835-f5d2-4d31-8fd3-e38782de71bd', 'Tades Honeywood', 'FI'),
('78f4e095-a418-4002-be56-141bcfac74f3', 'Muire Beldan', 'FI'),
('79a0f247-8481-49df-a985-88b5a97a6d34', 'Krista Burberry', 'ID'),
('7a509298-ec33-4007-b6d4-3ce1df81f149', 'Shalom Wetwood', 'ID'),
('7df037bb-ccbb-45ba-a799-fa70c768fd68', 'Franklin Filipovic', 'CN'),
('7e75cf72-5c69-4ed6-960d-5b1174a204dc', 'Sunny Muff', 'GB'),
('7e7ff434-8dc0-478d-9b2a-b22733036032', 'Kori Khosa', 'JP'),
('7fe0b685-58b0-4075-9558-32dd10bd17c1', 'Jessamine Krystek', 'CN'),
('84e0831c-365a-4725-9d3d-1f7db5260d74', 'Rafa Slainey', 'US'),
('858e5600-7156-4d85-8028-2957af999003', 'Lauraine Spykins', 'RU'),
('86b32584-6146-45c6-bcfd-8223b7f17fbf', 'Cart Aspinell', 'BR'),
('887bf5c1-d837-405d-ba09-f23043832ff7', 'Morry Coucha', 'RU'),
('898883cf-b4a7-49f4-95c3-1bc5a121d0f4', 'Nikolaus Crossby', 'PH'),
('89c19520-85f9-4ffe-9093-eb72ea1d3ed1', 'Romeo Peet', 'RU'),
('8add75da-80ac-4bf5-b653-488e2e6ccfc8', 'Elvira Lippingwell', 'CN'),
('8adf9eb5-6a5e-42aa-862f-4479bb7423d8', 'Dee dee Stoaks', 'RU'),
('8d3f1798-7eaa-4be9-9ad4-260a0cf6ef98', 'Davidde Klaes', 'PT'),
('8dd870f1-2721-4954-a22e-193c26ff6f8c', 'Dollie Adelberg', 'PH'),
('90ae5e86-762d-4a88-9af4-8abef868bffc', 'Claiborne Shieber', 'ID'),
('945983ba-c36a-43a5-a47c-e93b95fad453', 'Tobin Bridewell', 'NL'),
('971fca21-cb02-47c3-a3d9-3a75c977b363', 'Cleon Sartain', 'PH'),
('98f1a85a-4330-4967-a53d-a7e6ba8468f6', 'Shell Toop', 'SE'),
('995b30d1-d276-4932-af7d-8eb0c81fa020', 'Caryl McVrone', 'CN'),
('9d5bae37-7b14-4796-a39c-460c8e4a66d7', 'Freddi Meekings', 'CN'),
('9df8b958-93aa-4432-bb80-62144e200572', 'Deena Thorsen', 'HT'),
('9f45eea5-2fcb-4784-9597-d8de3ad580c4', 'Linn Senchenko', 'SY'),
('a08716eb-1cf8-4ac5-a90f-c0a7e86ebc00', 'Kalina Laidlaw', 'CN'),
('a20048d1-6eeb-4fe4-bea3-a5967f166cfd', 'Roz Longlands', 'CN'),
('a28aaf2d-bc0d-42a0-820c-9626b6f0a965', 'Geoffrey Mapplebeck', 'BR'),
('a3ecebf3-34e7-45f4-a9b5-7686c4994013', 'Gaby Wiszniewski', 'GR'),
('a4b0fb05-d1bb-41ab-93ae-a3f3deec9e0b', 'Ibrahim Garr', 'CN'),
('a4c5f28d-e36a-41c5-a7ed-4ba0c3e56044', 'Eduard Normanell', 'BR'),
('a5fd90f5-59a0-4605-aae0-3394f1825797', 'Renate Banghe', 'BR'),
('a7b69d49-c21c-4ab1-9d0b-a3fea52c0525', 'Tonia Ridwood', 'CN'),
('a7c29f8e-09fb-4cc9-8610-eb16f5c27782', 'Angelia Tavinor', 'CM'),
('a94cdfe7-867c-4951-94aa-6b1580f410e5', 'Mair Hannaway', 'US'),
('a97c0941-b1b0-434d-b008-f0c902468a12', 'Tallia Quemby', 'CN'),
('ae48e356-6d06-4866-9fa7-e3ee452360ce', 'Aeriel Roft', 'NG'),
('af12270d-90a6-476a-8c0d-0a66509ee939', 'Daveta Temple', 'SE'),
('af815f23-f10b-4eff-9fdd-6eb641eb92ad', 'Loraine Brabham', 'CA'),
('afb9f9d4-d3ab-4c03-9e04-8a6dba395e95', 'Gwyn Tallis', 'RU'),
('b1ee3c5b-169a-409d-af9b-707cf99bb967', 'Manda Meynell', 'CZ'),
('b328b627-34e0-4a1f-a828-7a7eb8f6644f', 'Jeralee Lucchi', 'CN'),
('b479cc33-472a-4a53-b206-91b9e32cbb0e', 'Kass Asif', 'PH'),
('b51b82be-18e3-41dc-ac60-e3085311dd2b', 'Amy O\' Shea', 'CN'),
('b54bf51c-1308-4b93-9d41-61a301c8a2bd', 'Kerwinn Zini', 'RU'),
('b5ffa975-8544-48ff-bbd5-59eff1faa43b', 'Bartolomeo Fontelles', 'ID'),
('b661a62c-6ecc-4e75-9b78-b07caa65a6c6', 'Rosalind Catmull', 'BR'),
('b88be341-079d-44b8-a586-5d2409da53e3', 'Leann Son', 'CZ'),
('b8ff64a2-7266-4b39-8267-3ce055600d34', 'Amalie Lichtfoth', 'TJ'),
('b933b315-4e02-48e1-b007-6c369389444e', 'Markus Finnimore', 'DJ'),
('bba9a488-f5bd-43e9-ae56-89d2b33efa82', 'Jeddy Wensley', 'CN'),
('bde4fefe-346c-4fab-a311-e66878ee585b', 'Domenic Bennetto', 'PH'),
('c0332b76-a106-4e59-a54c-c7ee6f94e4d6', 'Barb Backwell', 'CN'),
('c03dc746-fed4-4e80-97ef-c266a5080d0b', 'Merrill Skase', 'EC'),
('c0d3ab48-62a8-439a-8216-2b2b8b383827', 'Whitaker O\'Lennane', 'ID'),
('c1e78113-1434-4565-861e-72df811c157a', 'Caty Latore', 'PL'),
('c2983d3f-b7ec-400b-a1ef-49ab8a3f0305', 'Emlynn Doers', 'MX'),
('c36013d8-d6d1-4f79-921d-3e75ebf1bcaa', 'Harris Raise', 'CZ'),
('c40aae7b-bbb0-4579-9d45-d6a64d9f59e5', 'Antonina Rubinsztein', 'CN'),
('c54e9af3-5045-4509-b7b8-b6bdcb3d3fd9', 'Hugh Costelow', 'MN'),
('c580b972-fb41-4261-a962-d7a2d46483a4', 'Courtney Curtayne', 'VE'),
('c6dfcddc-9809-4368-9355-b327dc5bd30c', 'Lainey Beynke', 'PL'),
('ca7d8d37-05e5-44b5-aa80-b1fd4c3f94f9', 'Betta McKern', 'GR'),
('caa689bc-8d17-4139-88a3-a474caeb1973', 'Laird Josilevich', 'BO'),
('ce2709b7-25b8-4552-95ee-e1f1d945ea79', 'Sheila-kathryn Phipp', 'AR'),
('cf981057-7a87-4d0d-9fd2-8faca043b9b0', 'Basile Testin', 'CA'),
('d2ac10de-c053-4a0c-a7fc-77ed9135a1a0', 'Hynda D\'Ugo', 'SE'),
('d37db24b-d71a-4923-8778-a9e9cb3ae360', 'Zilvia MacClenan', 'PH'),
('d3a76120-0176-4c9a-9fb7-1250ee5e166c', 'Truman MacPeake', 'CN'),
('d3d3037d-d2e1-4bbd-a56c-acae49c6a9a5', 'Donni Wong', 'SD'),
('d5c839eb-4379-4331-8a9c-6d3c82802a61', 'Sonnie Antrobus', 'CN'),
('d78a0fd8-0d84-414a-9b69-6aba125cfbb7', 'Karlee Mathe', 'NA'),
('d7f0491c-d095-4164-9bf2-3ce5a2db14e1', 'Evan Bandiera', 'BR'),
('d8d657b4-a964-496e-9faa-1cced6885d89', 'Tannie Escudier', 'ID'),
('dab82bc9-9b86-4de5-b18e-4a9bdc31ca1a', 'Halley Munson', 'MN'),
('db33191a-35ec-47f3-8a27-f8e1cf695382', 'Sharleen Cockshot', 'PH'),
('db8f0f57-94bb-490a-90c3-9acd43a3b924', 'Harmonie Gumley', 'PH'),
('dc2d855f-3358-46ed-8a74-f1d047d0359b', 'Carole Lampard', 'CN'),
('def904f3-03f7-4723-acab-f797fe398a53', 'Temple Venning', 'PT'),
('e0452ac3-a0d5-4529-9182-cfd72c95c3c4', 'Talbert Tatersale', 'CN'),
('e2782e1e-300c-48bb-91f2-0a4cfd55adcc', 'Ingeberg Frift', 'CO'),
('e4f3739e-2ca4-4f1c-a021-f6cf7d4d8698', 'Kristy Eseler', 'PL'),
('e7530b32-f400-41c8-ba55-6b7149566315', 'Vladimir Fellman', 'JM'),
('e8cf8f46-592a-49e3-b5c7-4308eae80db3', 'Rosabelle Trowsdall', 'SA'),
('e9bb07ba-e7e6-434d-9cf1-af88e10c7325', 'Elsworth Duthie', 'FR'),
('ea7440b4-5344-4532-8fba-81316d3f4192', 'Danella Leftwich', 'PE'),
('ed815ffd-d9de-41e3-b491-b09dfc9734be', 'Eadith Cowing', 'FR'),
('ee1258f1-c60d-44bf-acf3-17bdbcf035da', 'Karmen Simionescu', 'RU'),
('ef986684-429a-427f-837f-20f90a1fb26d', 'Kelly Ceccoli', 'ID'),
('f05928c3-4c9f-4250-95ff-224fecd28dca', 'Timmy Fitzharris', 'ID'),
('f0a78462-5c9d-453e-b63f-a0e3146bc601', 'Bayard Macauley', 'ET'),
('f1ca88ca-94fd-419e-ab36-2729d9ec6e7e', 'Westbrook Angrove', 'GB'),
('f1cb43f7-16fb-4c08-b808-f18747cb5c84', 'Ginelle Casazza', 'CN'),
('f33f0b79-e7af-46da-9eb2-c457aa8976fd', 'Morgan Sommerville', 'US'),
('f42a48e5-fcec-4b1c-b40d-66d892246d43', 'Ber Howman', 'PL'),
('f51a03dd-73df-41d2-a430-f7aeaf716540', 'Lynnette Wardlow', 'NG'),
('f656273b-d021-4535-ae75-75cc487251bc', 'Lynsey Ingrem', 'SE'),
('f6852ee9-e0e0-41b6-a793-962066490249', 'Faustina Brinded', 'PE'),
('f6a20107-c557-4eb0-9244-e1a4683d05f8', 'Sidoney Treacy', 'KW'),
('f8756dbf-6b6b-47e4-b1bc-f635256db34b', 'Claudian Daly', 'ID'),
('fa739923-e7fd-4d26-9f96-2554653cc153', 'Cherin Whitehead', 'CN'),
('fbc827ea-bd0b-4290-a6bf-2f06941b74d3', 'Mada Turbitt', 'CL'),
('fc9c9504-222b-418e-91dc-647f5d60bb24', 'Carleton Chaulk', 'SE'),
('fd0347d1-9cbb-4879-a705-918de7bc73c7', 'Dalston Ferrino', 'ID'),
('ffaf01ea-8ddf-4b41-805a-60f9e2cdc2fb', 'Lars Waiton', 'PL');

-- --------------------------------------------------------

--
-- Tábla szerkezet ehhez a táblához `actor_media`
--

CREATE TABLE `actor_media` (
  `actor` varchar(36) NOT NULL,
  `media` varchar(36) NOT NULL,
  `role` text NOT NULL
) ENGINE=InnoDB DEFAULT CHARSET=utf8mb4 COLLATE=utf8mb4_general_ci;

--
-- A tábla adatainak kiíratása `actor_media`
--

INSERT INTO `actor_media` (`actor`, `media`, `role`) VALUES
('03549452-6a01-4cb4-ac7d-02c58a1dd5e8', '03112e80-f6af-4d69-b5f0-eb513fa56da4', 'Bíró'),
('050025cb-ef74-4bb6-9432-b7a351955c44', '9e00f555-e39c-499a-a165-94e780c22d85', 'Zenész'),
('050025cb-ef74-4bb6-9432-b7a351955c44', 'f8cf32b9-0437-4e38-9d73-b7ec3e09e25e', 'Énekes'),
('06e1f1b6-4cdd-4d2f-ba2d-e23081400e76', '02e5b9de-89fe-4b53-95aa-eba7357400bc', 'Mellékszereplő'),
('080d8363-cbeb-432d-a113-4d7930dd197f', '61d9aec5-9ac0-4d45-990a-29e89004236e', 'Főszereplő'),
('080d8363-cbeb-432d-a113-4d7930dd197f', 'a2519049-518e-4ee9-a952-59444077ed37', 'Főszereplő'),
('09427a46-c5c0-42ac-aa84-9a61fae718bc', '0ec26140-83cb-44e4-a966-dd3c7bfb41ba', 'Táncos'),
('09427a46-c5c0-42ac-aa84-9a61fae718bc', 'a1706b48-0083-4502-b4d3-6b05e1cc3b3e', 'Főszereplő'),
('0d001562-1fe1-408a-a9cf-645dd0a0e68f', 'e2f2c70f-3188-489b-b0d9-5b800fd8198c', 'Főszereplő'),
('0ed745d4-0cb0-4cb3-96d3-a889ad690408', '924d8204-811d-4809-8c8e-6c9eddc39420', 'Főszereplő'),
('10543226-f3c9-41dc-84bd-5fc1d3d4fed6', '0ec26140-83cb-44e4-a966-dd3c7bfb41ba', 'Bíró'),
('13271eec-afc9-4010-996c-0244b2412864', '27ee08ff-7f8d-4786-9d31-506290d087f0', 'Énekes'),
('13c93d78-f44c-4737-8cab-b8beb9ef61c8', '8fcf7901-907b-4400-9770-55e5b9a94243', 'Főszereplő'),
('14182872-f7f4-4df3-b2b1-47093bf92458', '3b28054f-151f-4a23-9fb8-e5e192307c46', 'Főszereplő'),
('16efb7de-75eb-45af-b1fb-24b4ccb76ad5', '1207e92e-0675-4975-970f-aeda3680c93c', 'Táncos'),
('16fd5c1e-c2c8-4d91-84ec-c10b70a344a6', '3b28054f-151f-4a23-9fb8-e5e192307c46', 'Bűnöző'),
('1a10c946-a34b-4931-bcb1-0cc723038acc', '27ee08ff-7f8d-4786-9d31-506290d087f0', 'Főszereplő'),
('1a10c946-a34b-4931-bcb1-0cc723038acc', '8782853f-b495-47a0-9564-3105b5c15613', 'Narrátor'),
('1d6d3a73-9739-4b91-aacb-9c616b12106e', '5155d3ea-484c-4c67-a016-bfefd4ed9b9d', 'Ügyvéd'),
('1d6d3a73-9739-4b91-aacb-9c616b12106e', 'eee55da3-4b63-4337-96ad-029287f9aaaf', 'Énekes'),
('2590772a-06ad-4289-b898-78bfbabdc005', '6fad8e91-fb9a-45f4-85e1-67029d875df7', 'Főszereplő'),
('25e8e42a-1370-4ed1-a167-d115046b7061', '704bab05-3805-40c2-9910-d86883f2265c', 'Főszereplő'),
('25e8e42a-1370-4ed1-a167-d115046b7061', '7e600bf5-d860-4bdb-9ee2-b6839827849c', 'Narrátor'),
('25e8e42a-1370-4ed1-a167-d115046b7061', '99af9018-369f-48b9-bbe5-a322bff8db54', 'Bíró'),
('25e8e42a-1370-4ed1-a167-d115046b7061', 'c6f92156-3c07-481b-8fc9-3f1d96881372', 'Bíró'),
('25e8e42a-1370-4ed1-a167-d115046b7061', 'd4cf8cf0-8a0c-4600-a085-280e179e8102', 'Bűnöző'),
('2699cc04-01ab-4cf2-8512-59331004c6db', '0b1a00a4-15f1-4a4e-a391-248f9a1695d4', 'Ügyvéd'),
('2699cc04-01ab-4cf2-8512-59331004c6db', 'ab29d3ca-c8f6-4579-8234-39a7f1ebdcb7', 'Főszereplő'),
('27066ada-479a-464b-88bc-4eb0ed0cf25d', '8782853f-b495-47a0-9564-3105b5c15613', 'Narrátor'),
('273cc0f3-9df0-4f1d-9c5b-7cadb580af82', '04203769-a05f-4ce4-9982-af7e583870e6', 'Versenyző'),
('273cc0f3-9df0-4f1d-9c5b-7cadb580af82', '704bab05-3805-40c2-9910-d86883f2265c', 'Ügyvéd'),
('2a1c8167-3f31-4968-8d1b-ea83075e399e', '6133ca65-b1d1-404e-9120-0460748670a0', 'Zenész'),
('2b3a8be0-42af-414d-955b-0a4fe461f03d', '0ec26140-83cb-44e4-a966-dd3c7bfb41ba', 'Főszereplő'),
('2b3a8be0-42af-414d-955b-0a4fe461f03d', '1207e92e-0675-4975-970f-aeda3680c93c', 'Táncos'),
('2b3a8be0-42af-414d-955b-0a4fe461f03d', '7d23a745-0b40-4c15-8be3-d4b35f7512ae', 'Zenész'),
('2c16d4ca-2d75-4b83-b866-d65f1131357b', 'a1706b48-0083-4502-b4d3-6b05e1cc3b3e', 'Zenész'),
('2c219963-3201-4592-8fe3-af9b752d6c2c', '1207e92e-0675-4975-970f-aeda3680c93c', 'Bűnöző'),
('2c219963-3201-4592-8fe3-af9b752d6c2c', '7e600bf5-d860-4bdb-9ee2-b6839827849c', 'Narrátor'),
('2c219963-3201-4592-8fe3-af9b752d6c2c', 'b9981506-a17a-4a04-bab8-093845fb844e', 'Narrátor'),
('2f7825f2-5e51-43fc-8b44-09f106ee0623', '1207e92e-0675-4975-970f-aeda3680c93c', 'Versenyző'),
('2f7825f2-5e51-43fc-8b44-09f106ee0623', '6859fdaf-b737-4785-9524-e359f6d841ac', 'Bíró'),
('2f7825f2-5e51-43fc-8b44-09f106ee0623', 'b65cd5fa-6155-4d9f-8e8c-e13876a76e20', 'Mellékszereplő'),
('2f7825f2-5e51-43fc-8b44-09f106ee0623', 'cbad9ef6-56df-426b-9e7d-d6be776eda44', 'Versenyző'),
('2facdd34-8b53-4743-8620-78097d8b7fac', '1207e92e-0675-4975-970f-aeda3680c93c', 'Főszereplő'),
('303683f7-d3cc-4dd5-9193-eb89c8ccec5a', '5155d3ea-484c-4c67-a016-bfefd4ed9b9d', 'Főszereplő'),
('3971384c-1b1f-4cbb-9472-5e8d9ee8df05', '7c5da4fc-12bd-4285-b0e6-5e60fd4e70a5', 'Énekes'),
('3971384c-1b1f-4cbb-9472-5e8d9ee8df05', 'a2519049-518e-4ee9-a952-59444077ed37', 'Ügyvéd'),
('3a5aa54d-e401-452c-a2d3-8f6788d6a386', '0ec26140-83cb-44e4-a966-dd3c7bfb41ba', 'Táncos'),
('3a7d06cb-d8b5-439a-a88c-e950f106847e', '61d9aec5-9ac0-4d45-990a-29e89004236e', 'Narrátor'),
('3a7d06cb-d8b5-439a-a88c-e950f106847e', 'c6f92156-3c07-481b-8fc9-3f1d96881372', 'Főszereplő'),
('3be98894-5d6a-4fdb-b323-31a42b6b5e84', '2ba02b03-2d7b-4881-9d26-9ae083d381f1', 'Táncos'),
('3be98894-5d6a-4fdb-b323-31a42b6b5e84', '7d23a745-0b40-4c15-8be3-d4b35f7512ae', 'Mellékszereplő'),
('3c089690-e288-4257-b867-5ea4389bcf73', '924d8204-811d-4809-8c8e-6c9eddc39420', 'Versenyző'),
('4227cde9-2838-49ba-a42b-ca45e466edea', '0ec26140-83cb-44e4-a966-dd3c7bfb41ba', 'Bíró'),
('4227cde9-2838-49ba-a42b-ca45e466edea', 'f8cf32b9-0437-4e38-9d73-b7ec3e09e25e', 'Főszereplő'),
('476363db-4fe7-4922-9a07-110df7d4c2db', '03112e80-f6af-4d69-b5f0-eb513fa56da4', 'Főszereplő'),
('476363db-4fe7-4922-9a07-110df7d4c2db', '2ba02b03-2d7b-4881-9d26-9ae083d381f1', 'Narrátor'),
('4bd34b04-3946-4222-8466-eda420218fba', '5045d478-6c93-4800-b147-3017abeb74d7', 'Főszereplő'),
('4bd34b04-3946-4222-8466-eda420218fba', '6859fdaf-b737-4785-9524-e359f6d841ac', 'Mellékszereplő'),
('4ff58919-adca-490c-9758-cb836fc5b534', '704bab05-3805-40c2-9910-d86883f2265c', 'Bíró'),
('51e601ba-2aec-461b-8f76-e79c52808d70', '5045d478-6c93-4800-b147-3017abeb74d7', 'Táncos'),
('51e601ba-2aec-461b-8f76-e79c52808d70', 'c26c0a19-64d5-42aa-9ac7-637054486241', 'Ügyvéd'),
('5a487b62-bf86-4f4a-87bc-26d9eb95f988', 'cbad9ef6-56df-426b-9e7d-d6be776eda44', 'Ügyvéd'),
('5cc9b1d1-0801-44e6-bc95-a985682a3b28', '2ba02b03-2d7b-4881-9d26-9ae083d381f1', 'Főszereplő'),
('5dc1a2a0-d646-46ed-95dd-1f3b7b9a24ff', '02e5b9de-89fe-4b53-95aa-eba7357400bc', 'Ügyvéd'),
('5dc1a2a0-d646-46ed-95dd-1f3b7b9a24ff', '9e00f555-e39c-499a-a165-94e780c22d85', 'Főszereplő'),
('6067510b-9511-49e5-9734-951e635ec899', '5045d478-6c93-4800-b147-3017abeb74d7', 'Versenyző'),
('618e0845-a12c-407a-9637-0143e92bbb27', 'f8cf32b9-0437-4e38-9d73-b7ec3e09e25e', 'Bíró'),
('61bcc301-855c-46df-8bc0-8eaf32cd4c19', '7c5da4fc-12bd-4285-b0e6-5e60fd4e70a5', 'Táncos'),
('62fd50e4-6c8a-4b5d-8324-89acb18bd567', '03112e80-f6af-4d69-b5f0-eb513fa56da4', 'Táncos'),
('62fd50e4-6c8a-4b5d-8324-89acb18bd567', '26915a03-49dc-4b3e-9b04-23b381be12c2', 'Főszereplő'),
('62fd50e4-6c8a-4b5d-8324-89acb18bd567', '28899c96-09c5-41b6-a52e-2cea5ef21abc', 'Zenész'),
('646cc88d-c1f8-430d-bf17-d9a66a6360bb', '0ec26140-83cb-44e4-a966-dd3c7bfb41ba', 'Táncos'),
('646cc88d-c1f8-430d-bf17-d9a66a6360bb', '7c5da4fc-12bd-4285-b0e6-5e60fd4e70a5', 'Mellékszereplő'),
('6a07d50f-0eff-4f53-9b65-1c0d7673dd75', '5155d3ea-484c-4c67-a016-bfefd4ed9b9d', 'Ügyvéd'),
('6a07d50f-0eff-4f53-9b65-1c0d7673dd75', '7c5da4fc-12bd-4285-b0e6-5e60fd4e70a5', 'Főszereplő'),
('6d3765cc-cc20-454d-84f4-040103ab05f5', '3981bd67-fa8c-4e27-84dd-1fcb9a714a2c', 'Zenész'),
('6fc4569b-62db-479d-a4cb-6f870ddebf3b', '99af9018-369f-48b9-bbe5-a322bff8db54', 'Főszereplő'),
('6fc4569b-62db-479d-a4cb-6f870ddebf3b', 'c0f30eef-3b30-4dab-ae24-ea7b5f0f6f2d', 'Főszereplő'),
('72465e4a-1801-421f-b9cb-0828270151ff', '27ee08ff-7f8d-4786-9d31-506290d087f0', 'Zenész'),
('72465e4a-1801-421f-b9cb-0828270151ff', '7d23a745-0b40-4c15-8be3-d4b35f7512ae', 'Táncos'),
('72465e4a-1801-421f-b9cb-0828270151ff', 'b9981506-a17a-4a04-bab8-093845fb844e', 'Főszereplő'),
('72465e4a-1801-421f-b9cb-0828270151ff', 'd90bc1a3-db4e-4729-8c93-9b0911c7ab45', 'Főszereplő'),
('73191614-8d43-4517-9d90-fb9d4b80c8dc', 'd4cf8cf0-8a0c-4600-a085-280e179e8102', 'Főszereplő'),
('742592f0-768a-4b24-b200-a1551b48f8c8', '50104135-8747-4f65-8635-d734c1475097', 'Főszereplő'),
('742592f0-768a-4b24-b200-a1551b48f8c8', '6859fdaf-b737-4785-9524-e359f6d841ac', 'Narrátor'),
('742592f0-768a-4b24-b200-a1551b48f8c8', '7e600bf5-d860-4bdb-9ee2-b6839827849c', 'Mellékszereplő'),
('75145bca-3a68-465a-b702-b147af50b2dc', 'd8177cd7-a5ae-4e97-82e9-095af0eac6fc', 'Mellékszereplő'),
('75849544-0f4a-41c4-ab92-43cfee07da95', '283c59a1-0820-49fe-98c9-c16d9adc9e25', 'Főszereplő'),
('77a9d9ee-e4c2-4d0e-9da5-0b92ef3c8ab8', '61d9aec5-9ac0-4d45-990a-29e89004236e', 'Énekes'),
('7a509298-ec33-4007-b6d4-3ce1df81f149', '704bab05-3805-40c2-9910-d86883f2265c', 'Narrátor'),
('7e75cf72-5c69-4ed6-960d-5b1174a204dc', 'eee55da3-4b63-4337-96ad-029287f9aaaf', 'Énekes'),
('7e7ff434-8dc0-478d-9b2a-b22733036032', '04203769-a05f-4ce4-9982-af7e583870e6', 'Főszereplő'),
('84e0831c-365a-4725-9d3d-1f7db5260d74', '7e600bf5-d860-4bdb-9ee2-b6839827849c', 'Főszereplő'),
('858e5600-7156-4d85-8028-2957af999003', '04203769-a05f-4ce4-9982-af7e583870e6', 'Táncos'),
('858e5600-7156-4d85-8028-2957af999003', '3981bd67-fa8c-4e27-84dd-1fcb9a714a2c', 'Versenyző'),
('858e5600-7156-4d85-8028-2957af999003', 'c26c0a19-64d5-42aa-9ac7-637054486241', 'Bűnöző'),
('86b32584-6146-45c6-bcfd-8223b7f17fbf', '26915a03-49dc-4b3e-9b04-23b381be12c2', 'Ügyvéd'),
('887bf5c1-d837-405d-ba09-f23043832ff7', '9e00f555-e39c-499a-a165-94e780c22d85', 'Táncos'),
('887bf5c1-d837-405d-ba09-f23043832ff7', 'd8177cd7-a5ae-4e97-82e9-095af0eac6fc', 'Zenész'),
('898883cf-b4a7-49f4-95c3-1bc5a121d0f4', '61d9aec5-9ac0-4d45-990a-29e89004236e', 'Énekes'),
('89c19520-85f9-4ffe-9093-eb72ea1d3ed1', '6859fdaf-b737-4785-9524-e359f6d841ac', 'Főszereplő'),
('8add75da-80ac-4bf5-b653-488e2e6ccfc8', 'eee55da3-4b63-4337-96ad-029287f9aaaf', 'Főszereplő'),
('8d3f1798-7eaa-4be9-9ad4-260a0cf6ef98', '7c5da4fc-12bd-4285-b0e6-5e60fd4e70a5', 'Narrátor'),
('98f1a85a-4330-4967-a53d-a7e6ba8468f6', '8e3a3c82-c0c7-4153-825a-294e340f612d', 'Főszereplő'),
('995b30d1-d276-4932-af7d-8eb0c81fa020', 'e2f2c70f-3188-489b-b0d9-5b800fd8198c', 'Bíró'),
('9d5bae37-7b14-4796-a39c-460c8e4a66d7', '5b494bb3-6f98-4990-9a87-8b98a2db9998', 'Főszereplő'),
('9d5bae37-7b14-4796-a39c-460c8e4a66d7', '80407252-443f-47e7-91e9-8ab2cc4715c8', 'Főszereplő'),
('9df8b958-93aa-4432-bb80-62144e200572', 'd8177cd7-a5ae-4e97-82e9-095af0eac6fc', 'Énekes'),
('9f45eea5-2fcb-4784-9597-d8de3ad580c4', '8782853f-b495-47a0-9564-3105b5c15613', 'Főszereplő'),
('a3ecebf3-34e7-45f4-a9b5-7686c4994013', 'c0f30eef-3b30-4dab-ae24-ea7b5f0f6f2d', 'Táncos'),
('a4b0fb05-d1bb-41ab-93ae-a3f3deec9e0b', '28899c96-09c5-41b6-a52e-2cea5ef21abc', 'Táncos'),
('a4c5f28d-e36a-41c5-a7ed-4ba0c3e56044', '28899c96-09c5-41b6-a52e-2cea5ef21abc', 'Mellékszereplő'),
('a7c29f8e-09fb-4cc9-8610-eb16f5c27782', 'c26c0a19-64d5-42aa-9ac7-637054486241', 'Főszereplő'),
('a7c29f8e-09fb-4cc9-8610-eb16f5c27782', 'd4cf8cf0-8a0c-4600-a085-280e179e8102', 'Bűnöző'),
('a97c0941-b1b0-434d-b008-f0c902468a12', '6133ca65-b1d1-404e-9120-0460748670a0', 'Főszereplő'),
('b1ee3c5b-169a-409d-af9b-707cf99bb967', '9e00f555-e39c-499a-a165-94e780c22d85', 'Ügyvéd'),
('b328b627-34e0-4a1f-a828-7a7eb8f6644f', '9e00f555-e39c-499a-a165-94e780c22d85', 'Ügyvéd'),
('b328b627-34e0-4a1f-a828-7a7eb8f6644f', 'a1706b48-0083-4502-b4d3-6b05e1cc3b3e', 'Bíró'),
('b5ffa975-8544-48ff-bbd5-59eff1faa43b', '02e5b9de-89fe-4b53-95aa-eba7357400bc', 'Ügyvéd'),
('b661a62c-6ecc-4e75-9b78-b07caa65a6c6', 'eee55da3-4b63-4337-96ad-029287f9aaaf', 'Versenyző'),
('b8ff64a2-7266-4b39-8267-3ce055600d34', '02e5b9de-89fe-4b53-95aa-eba7357400bc', 'Főszereplő'),
('b933b315-4e02-48e1-b007-6c369389444e', 'c6f92156-3c07-481b-8fc9-3f1d96881372', 'Mellékszereplő'),
('b933b315-4e02-48e1-b007-6c369389444e', 'eee55da3-4b63-4337-96ad-029287f9aaaf', 'Bűnöző'),
('bde4fefe-346c-4fab-a311-e66878ee585b', '7e600bf5-d860-4bdb-9ee2-b6839827849c', 'Ügyvéd'),
('c0332b76-a106-4e59-a54c-c7ee6f94e4d6', '6859fdaf-b737-4785-9524-e359f6d841ac', 'Bíró'),
('c2983d3f-b7ec-400b-a1ef-49ab8a3f0305', '2ba02b03-2d7b-4881-9d26-9ae083d381f1', 'Versenyző'),
('c2983d3f-b7ec-400b-a1ef-49ab8a3f0305', 'd4cf8cf0-8a0c-4600-a085-280e179e8102', 'Zenész'),
('c40aae7b-bbb0-4579-9d45-d6a64d9f59e5', '7d23a745-0b40-4c15-8be3-d4b35f7512ae', 'Bűnöző'),
('c54e9af3-5045-4509-b7b8-b6bdcb3d3fd9', '704bab05-3805-40c2-9910-d86883f2265c', 'Bűnöző'),
('c580b972-fb41-4261-a962-d7a2d46483a4', 'd4cf8cf0-8a0c-4600-a085-280e179e8102', 'Ügyvéd'),
('c580b972-fb41-4261-a962-d7a2d46483a4', 'd8177cd7-a5ae-4e97-82e9-095af0eac6fc', 'Főszereplő'),
('c6dfcddc-9809-4368-9355-b327dc5bd30c', '2ba02b03-2d7b-4881-9d26-9ae083d381f1', 'Narrátor'),
('c6dfcddc-9809-4368-9355-b327dc5bd30c', '5155d3ea-484c-4c67-a016-bfefd4ed9b9d', 'Zenész'),
('c6dfcddc-9809-4368-9355-b327dc5bd30c', 'fd3fd5f2-f0fe-4300-8717-fb47859b5a28', 'Főszereplő'),
('ca7d8d37-05e5-44b5-aa80-b1fd4c3f94f9', '2ba02b03-2d7b-4881-9d26-9ae083d381f1', 'Bíró'),
('ca7d8d37-05e5-44b5-aa80-b1fd4c3f94f9', 'b65cd5fa-6155-4d9f-8e8c-e13876a76e20', 'Főszereplő'),
('caa689bc-8d17-4139-88a3-a474caeb1973', 'eee55da3-4b63-4337-96ad-029287f9aaaf', 'Versenyző'),
('ce2709b7-25b8-4552-95ee-e1f1d945ea79', '26915a03-49dc-4b3e-9b04-23b381be12c2', 'Táncos'),
('d37db24b-d71a-4923-8778-a9e9cb3ae360', '27ee08ff-7f8d-4786-9d31-506290d087f0', 'Ügyvéd'),
('d3a76120-0176-4c9a-9fb7-1250ee5e166c', '28899c96-09c5-41b6-a52e-2cea5ef21abc', 'Énekes'),
('d3a76120-0176-4c9a-9fb7-1250ee5e166c', '3981bd67-fa8c-4e27-84dd-1fcb9a714a2c', 'Főszereplő'),
('d78a0fd8-0d84-414a-9b69-6aba125cfbb7', 'a2519049-518e-4ee9-a952-59444077ed37', 'Ügyvéd'),
('d78a0fd8-0d84-414a-9b69-6aba125cfbb7', 'f8cf32b9-0437-4e38-9d73-b7ec3e09e25e', 'Bűnöző'),
('db33191a-35ec-47f3-8a27-f8e1cf695382', 'c6f92156-3c07-481b-8fc9-3f1d96881372', 'Bíró'),
('db33191a-35ec-47f3-8a27-f8e1cf695382', 'd8177cd7-a5ae-4e97-82e9-095af0eac6fc', 'Énekes'),
('db8f0f57-94bb-490a-90c3-9acd43a3b924', '03112e80-f6af-4d69-b5f0-eb513fa56da4', 'Ügyvéd'),
('db8f0f57-94bb-490a-90c3-9acd43a3b924', 'd8177cd7-a5ae-4e97-82e9-095af0eac6fc', 'Ügyvéd'),
('def904f3-03f7-4723-acab-f797fe398a53', 'cbad9ef6-56df-426b-9e7d-d6be776eda44', 'Főszereplő'),
('e2782e1e-300c-48bb-91f2-0a4cfd55adcc', '1207e92e-0675-4975-970f-aeda3680c93c', 'Mellékszereplő'),
('e2782e1e-300c-48bb-91f2-0a4cfd55adcc', '27ee08ff-7f8d-4786-9d31-506290d087f0', 'Bűnöző'),
('e4f3739e-2ca4-4f1c-a021-f6cf7d4d8698', 'c26c0a19-64d5-42aa-9ac7-637054486241', 'Bíró'),
('e7530b32-f400-41c8-ba55-6b7149566315', '7e600bf5-d860-4bdb-9ee2-b6839827849c', 'Énekes'),
('e7530b32-f400-41c8-ba55-6b7149566315', 'a1706b48-0083-4502-b4d3-6b05e1cc3b3e', 'Énekes'),
('e8cf8f46-592a-49e3-b5c7-4308eae80db3', '3981bd67-fa8c-4e27-84dd-1fcb9a714a2c', 'Ügyvéd'),
('e9bb07ba-e7e6-434d-9cf1-af88e10c7325', 'ca942765-820e-4105-a02e-f23b87c29ffd', 'Főszereplő'),
('ea7440b4-5344-4532-8fba-81316d3f4192', '0b1a00a4-15f1-4a4e-a391-248f9a1695d4', 'Énekes'),
('ea7440b4-5344-4532-8fba-81316d3f4192', 'b65cd5fa-6155-4d9f-8e8c-e13876a76e20', 'Bíró'),
('ed815ffd-d9de-41e3-b491-b09dfc9734be', 'a1706b48-0083-4502-b4d3-6b05e1cc3b3e', 'Ügyvéd'),
('ee1258f1-c60d-44bf-acf3-17bdbcf035da', '0b1a00a4-15f1-4a4e-a391-248f9a1695d4', 'Főszereplő'),
('f05928c3-4c9f-4250-95ff-224fecd28dca', 'd4cf8cf0-8a0c-4600-a085-280e179e8102', 'Zenész'),
('f0a78462-5c9d-453e-b63f-a0e3146bc601', '28899c96-09c5-41b6-a52e-2cea5ef21abc', 'Főszereplő'),
('f1ca88ca-94fd-419e-ab36-2729d9ec6e7e', '50104135-8747-4f65-8635-d734c1475097', 'Bűnöző'),
('f1ca88ca-94fd-419e-ab36-2729d9ec6e7e', '5045d478-6c93-4800-b147-3017abeb74d7', 'Zenész'),
('f42a48e5-fcec-4b1c-b40d-66d892246d43', '04203769-a05f-4ce4-9982-af7e583870e6', 'Bíró'),
('f51a03dd-73df-41d2-a430-f7aeaf716540', '1fdc0c69-853f-42fb-b4fe-ca2b5e0873af', 'Főszereplő'),
('f51a03dd-73df-41d2-a430-f7aeaf716540', '924d8204-811d-4809-8c8e-6c9eddc39420', 'Táncos'),
('f51a03dd-73df-41d2-a430-f7aeaf716540', 'c6f92156-3c07-481b-8fc9-3f1d96881372', 'Narrátor'),
('f656273b-d021-4535-ae75-75cc487251bc', 'a2519049-518e-4ee9-a952-59444077ed37', 'Zenész'),
('f6852ee9-e0e0-41b6-a793-962066490249', '04203769-a05f-4ce4-9982-af7e583870e6', 'Zenész'),
('f6a20107-c557-4eb0-9244-e1a4683d05f8', '03112e80-f6af-4d69-b5f0-eb513fa56da4', 'Énekes'),
('f6a20107-c557-4eb0-9244-e1a4683d05f8', '3981bd67-fa8c-4e27-84dd-1fcb9a714a2c', 'Mellékszereplő'),
('f6a20107-c557-4eb0-9244-e1a4683d05f8', 'a1706b48-0083-4502-b4d3-6b05e1cc3b3e', 'Ügyvéd'),
('f6a20107-c557-4eb0-9244-e1a4683d05f8', 'c6f92156-3c07-481b-8fc9-3f1d96881372', 'Bűnöző'),
('f8756dbf-6b6b-47e4-b1bc-f635256db34b', '02e5b9de-89fe-4b53-95aa-eba7357400bc', 'Bűnöző'),
('f8756dbf-6b6b-47e4-b1bc-f635256db34b', '8fcf7901-907b-4400-9770-55e5b9a94243', 'Énekes'),
('fbc827ea-bd0b-4290-a6bf-2f06941b74d3', '7d23a745-0b40-4c15-8be3-d4b35f7512ae', 'Ügyvéd'),
('fd0347d1-9cbb-4879-a705-918de7bc73c7', '02e5b9de-89fe-4b53-95aa-eba7357400bc', 'Zenész'),
('ffaf01ea-8ddf-4b41-805a-60f9e2cdc2fb', '3981bd67-fa8c-4e27-84dd-1fcb9a714a2c', 'Bíró'),
('ffaf01ea-8ddf-4b41-805a-60f9e2cdc2fb', '7d23a745-0b40-4c15-8be3-d4b35f7512ae', 'Főszereplő');

-- --------------------------------------------------------

--
-- Tábla szerkezet ehhez a táblához `countries`
--

CREATE TABLE `countries` (
  `id` varchar(2) NOT NULL,
  `name` text NOT NULL
) ENGINE=InnoDB DEFAULT CHARSET=utf8mb4 COLLATE=utf8mb4_general_ci;

--
-- A tábla adatainak kiíratása `countries`
--

INSERT INTO `countries` (`id`, `name`) VALUES
('AD', 'Andorra'),
('AE', 'Arab Emírségek'),
('AF', 'Afganisztán'),
('AG', 'Antigua és Barbuda'),
('AI', 'Anguilla'),
('AL', 'Albánia'),
('AM', 'Örményország'),
('AO', 'Angola'),
('AQ', 'Antarktisz'),
('AR', 'Argentína'),
('AS', 'Amerikai Szamoa'),
('AT', 'Ausztria'),
('AU', 'Ausztrália'),
('AW', 'Aruba'),
('AX', 'Åland szigetek'),
('AZ', 'Azerbajdzsán'),
('BA', 'Bosznia-Hercegovina'),
('BB', 'Barbados'),
('BD', 'Banglades'),
('BE', 'Belgium'),
('BF', 'Burkina Faso'),
('BG', 'Bulgária'),
('BH', 'Bahrein'),
('BI', 'Burundi'),
('BJ', 'Benin'),
('BL', 'Saint-Barthélemy'),
('BM', 'Bermuda'),
('BN', 'Brunei'),
('BO', 'Bolívia'),
('BQ', 'Bonaire Sint Eustatius és Saba'),
('BR', 'Brazília'),
('BS', 'Bahama-szigetek'),
('BT', 'Bhután'),
('BV', 'Bouvet Sziget'),
('BW', 'Botswana'),
('BY', 'Fehéroroszország'),
('BZ', 'Belize'),
('CA', 'Kanada'),
('CC', 'Kókusz (Keeling)-szigetek'),
('CD', 'Kongói Demokratikus Közt.'),
('CF', 'Közép-afrikai Köztársaság'),
('CG', 'Kongó'),
('CH', 'Svájc'),
('CI', 'Elefántcsontpart'),
('CK', 'Cook-szigetek'),
('CL', 'Chile'),
('CM', 'Kamerun'),
('CN', 'Kína'),
('CO', 'Kolumbia'),
('CR', 'Costa Rica'),
('CU', 'Kuba'),
('CV', 'Zöld-foki Köztársaság'),
('CW', 'Curaçao'),
('CX', 'Karácsony-sziget'),
('CY', 'Ciprus'),
('CZ', 'Csehország'),
('DE', 'Németország'),
('DJ', 'Dzsibuti'),
('DK', 'Dánia'),
('DM', 'Dominikai Közösség'),
('DO', 'Dominikai Köztársaság'),
('DZ', 'Algéria'),
('EC', 'Ecuador'),
('EE', 'Észtország'),
('EG', 'Egyiptom'),
('ER', 'Eritrea'),
('ES', 'Spanyolország'),
('ET', 'Etiópia'),
('FI', 'Finnország'),
('FJ', 'Fidzsi-szigetek'),
('FK', 'Falkland-szigetek (Malvinas)'),
('FM', 'Mikronézia'),
('FO', 'Feröer'),
('FR', 'Franciaország'),
('GA', 'Gabon'),
('GB', 'Nagy-Britannia'),
('GD', 'Grenada'),
('GE', 'Grúzia'),
('GF', 'Francia Guyana'),
('GG', 'Guernsey'),
('GH', 'Ghána'),
('GI', 'Gibraltár'),
('GL', 'Grönland'),
('GM', 'Gambia'),
('GN', 'Guinea'),
('GP', 'Guadeloupe'),
('GQ', 'Egyenlítői-Guinea'),
('GR', 'Görögország'),
('GS', 'Déli-Georgia és Déli-Sandwich-szigetek'),
('GT', 'Guatemala'),
('GU', 'Guam'),
('GW', 'Bissau-Guinea'),
('GY', 'Guyana'),
('HK', 'HongKong'),
('HM', 'Heard és McDonald-szigetek'),
('HN', 'Honduras'),
('HR', 'Horvátország'),
('HT', 'Haiti'),
('HU', 'Magyarország'),
('ID', 'Indonézia'),
('IE', 'Írország'),
('IL', 'Izrael'),
('IM', 'Man-sziget'),
('IN', 'India'),
('IO', 'Brit-Indiai Óceáni területek'),
('IQ', 'Irak'),
('IR', 'Irán'),
('IS', 'Izland'),
('IT', 'Olaszország'),
('JE', 'Jersey'),
('JM', 'Jamaica'),
('JO', 'Jordánia'),
('JP', 'Japán'),
('KE', 'Kenya'),
('KG', 'Kirgizisztán'),
('KH', 'Kambodzsa'),
('KI', 'Kiribati'),
('KM', 'Comore-szigetek'),
('KN', 'Saint Kitts és Nevis'),
('KP', 'Koreai Népi Demokratikus Közt.'),
('KR', 'Koreai Köztársaság'),
('KW', 'Kuvait'),
('KY', 'Kajmán-szigetek'),
('KZ', 'Kazahsztán'),
('LA', 'Laosz'),
('LB', 'Libanon'),
('LC', 'Saint Lucia'),
('LI', 'Liechtenstein'),
('LK', 'Srí Lanka'),
('LR', 'Libéria'),
('LS', 'Lesotho'),
('LT', 'Litvánia'),
('LU', 'Luxemburg'),
('LV', 'Lettország'),
('LY', 'Líbia'),
('MA', 'Marokkó'),
('MC', 'Monaco'),
('MD', 'Moldova'),
('ME', 'Montenegró'),
('MF', 'Saint-Martin'),
('MG', 'Madagaszkár'),
('MH', 'Marshall-szigetek'),
('MK', 'Macedónia'),
('ML', 'Mali'),
('MM', 'Mianmar'),
('MN', 'Mongólia'),
('MO', 'Makao'),
('MP', 'Észak Mariana szigetek'),
('MQ', 'Martinique'),
('MR', 'Mauritánia'),
('MS', 'Montserrat'),
('MT', 'Málta'),
('MU', 'Mauritius'),
('MV', 'Maldív-szigetek'),
('MW', 'Malawi'),
('MX', 'Mexikó'),
('MY', 'Malajzia'),
('MZ', 'Mozambik'),
('NA', 'Namíbia'),
('NB', 'Országok szerint nem besorolható'),
('NC', 'Új-Kaledónia'),
('NE', 'Niger'),
('NF', 'Norfolk szigetek'),
('NG', 'Nigéria'),
('NI', 'Nicaragua'),
('NL', 'Hollandia'),
('NO', 'Norvégia'),
('NP', 'Nepál'),
('NR', 'Nauru'),
('NU', 'Niue'),
('NZ', 'Új-Zéland'),
('OM', 'Omán'),
('PA', 'Panama'),
('PE', 'Peru'),
('PF', 'Francia Polinézia'),
('PG', 'Pápua Új-Guinea'),
('PH', 'Fülöp-szigetek'),
('PK', 'Pakisztán'),
('PL', 'Lengyelország'),
('PM', 'Saint Pierre és Miquelon'),
('PN', 'Pitcairn szigetek'),
('PR', 'Puerto Rico'),
('PS', 'Palesztina'),
('PT', 'Portugália'),
('PW', 'Palau'),
('PY', 'Paraguay'),
('QA', 'Katar'),
('RE', 'Réunion'),
('RO', 'Románia'),
('RS', 'Szerbia'),
('RU', 'Oroszország'),
('RW', 'Ruanda'),
('SA', 'Szaúd-Arábia'),
('SB', 'Salamon-szigetek'),
('SC', 'Seychelle-szigetek'),
('SD', 'Szudán'),
('SE', 'Svédország'),
('SG', 'Szingapúr'),
('SH', 'Szent Ilona'),
('SI', 'Szlovénia'),
('SJ', 'Svalbard és Jan Mayen'),
('SK', 'Szlovákia'),
('SL', 'Sierra Leone'),
('SM', 'San Marino'),
('SN', 'Szenegál'),
('SO', 'Szomália'),
('SR', 'Suriname'),
('SS', 'Dél-Szudán'),
('ST', 'São Tomé és Príncipe'),
('SV', 'Salvador'),
('SX', 'Sint Marteen'),
('SY', 'Szíria'),
('SZ', 'Szváziföld'),
('TC', 'Turks- és Caicos-szigetek'),
('TD', 'Csád'),
('TF', 'Francia déli területek'),
('TG', 'Togo'),
('TH', 'Thaiföld'),
('TJ', 'Tádzsikisztán'),
('TK', 'Tokelau'),
('TL', 'Kelet-Timor'),
('TM', 'Türkmenisztán'),
('TN', 'Tunézia'),
('TO', 'Tonga'),
('TR', 'Törökország'),
('TT', 'Trinidad és Tobago'),
('TV', 'Tuvalu'),
('TW', 'Tajvan'),
('TZ', 'Tanzánia'),
('UA', 'Ukrajna'),
('UG', 'Uganda'),
('UM', 'Egyesült Államok külterületei'),
('US', 'Egyesült Államok'),
('UY', 'Uruguay'),
('UZ', 'Üzbegisztán'),
('VA', 'Vatikán'),
('VC', 'Saint Vincent'),
('VE', 'Venezuela'),
('VG', 'Brit Virgin-szigetek'),
('VI', 'Amerikai Virgin-szigetek'),
('VN', 'Vietnam'),
('VU', 'Vanuatu'),
('WF', 'Wallis és Futuna'),
('WS', 'Szamoa'),
('XC', 'Ceuta'),
('XK', 'Koszovó'),
('XL', 'Melilla'),
('YE', 'Jemen'),
('YT', 'Mayotte'),
('ZA', 'Dél-Afrika'),
('ZM', 'Zambia'),
('ZW', 'Zimbabwe');

-- --------------------------------------------------------

--
-- Tábla szerkezet ehhez a táblához `genres`
--

CREATE TABLE `genres` (
  `id` varchar(36) NOT NULL,
  `name` text NOT NULL
) ENGINE=InnoDB DEFAULT CHARSET=utf8mb4 COLLATE=utf8mb4_general_ci;

--
-- A tábla adatainak kiíratása `genres`
--

INSERT INTO `genres` (`id`, `name`) VALUES
('01484d67-ee18-4fe5-a1f7-42f34a59cbad', 'Comedy|Drama|Fantasy'),
('06913b86-07ca-40fd-90f0-238177f7c372', 'Drama|Thriller'),
('09113a86-3261-46c1-a73e-6b37c0bf7c12', 'Comedy|Western'),
('0ad3ce4c-8d8a-4b32-8754-2d1e2201c016', 'Action|Adventure|Comedy'),
('0f12f42f-fe9d-4128-bb8c-5497a908f12f', 'Documentary'),
('13342cfb-675b-495e-86ec-82f372b0aecf', 'Adventure|Children|Musical'),
('14cab6cc-fd90-4afd-a22f-02ff6ce1e94c', 'Thriller'),
('1791619d-3fc1-41e3-8914-9dd4c20e8573', 'Action|Comedy'),
('1916822d-2a28-4d7a-b73a-388f523d557b', 'Drama|Romance'),
('1b30abfa-03b6-40f9-a662-baf43ad8d7b0', 'Comedy|Fantasy'),
('24fced40-9aa6-4a17-a9c9-fce1a96d2112', 'Comedy'),
('2521eeb4-45ab-41e1-b4d3-8e37afd42a89', 'Action|Adventure|Animation'),
('2601bb00-27f9-45b2-8d09-46c64f7bfa3b', 'Action|War'),
('432b649e-302f-4618-b1fd-1c20eeb261cc', 'Action|Horror|Sci-Fi'),
('46ba4367-8362-4357-8733-2c4b147d0e77', 'Crime|Thriller'),
('47832b7c-9fb8-40fd-8cef-fe6f62a46e1e', 'Comedy|Crime|Romance'),
('49556fee-97b6-4ba5-b572-3d8170a777f1', 'Drama|War'),
('49c26f5b-08c7-454b-b593-701de5aaee42', 'Horror'),
('4b7c3920-c4cc-47a7-895c-e713cc23f040', 'Action|Crime'),
('515a8d56-3915-49d0-b1d1-4e6094ec29d6', 'Comedy|Fantasy|Horror'),
('524bcf40-bb4d-470a-8d3c-87ae62631b6a', 'Comedy|Romance'),
('5aef8919-efd9-4c18-bf41-26b48d3f6b0c', 'Drama'),
('6072ca5b-56bf-47af-9c78-a4812fdf1c39', 'Comedy|Horror|Sci-Fi'),
('67104a0d-78ca-40ef-beeb-c456d784e20e', 'Animation'),
('6957070f-bf8d-433c-8461-fba73aa9e978', 'Action|Adventure'),
('6ce481b3-2493-4e9a-9e5e-dcc97fe55a67', 'Comedy|Fantasy|Romance'),
('81968cce-ae4a-472c-a396-1da84475695d', 'Drama|Mystery|Romance'),
('8533f565-cb58-4f23-ab92-e172c5664609', 'Comedy|Drama'),
('8d2a5684-4e95-4964-8a56-dbcfcda533a8', 'Comedy|Horror'),
('8dca9d0d-d9d1-4b5b-b56d-c7910725d747', 'Action|Animation|Mystery|IMAX'),
('90e7a092-6689-4ea4-a8e0-ffaf8f34262d', 'Documentary|Drama|War'),
('968c78f3-7f17-44ba-89e6-089ac62784fe', 'Adventure|Comedy|Documentary|Fantasy'),
('9d4e2be8-3c52-46b3-9f43-559f9d769814', 'Drama|Horror|Thriller'),
('a70affea-dd7b-4ef8-b7ca-586ff5cbddcc', 'Crime|Horror'),
('ac94f2e3-00d3-4325-9eab-47d6a47511a0', 'Adventure|Drama|War|Western'),
('b253738c-9623-43d3-b356-049586fdb94e', 'Action|Adventure|Comedy|Sci-Fi'),
('caf2a0d8-2c08-44ec-83c4-d9af6df50564', 'Comedy|Crime|Mystery|Thriller'),
('cb86819d-b178-4cbe-854d-c7ac204b20a1', 'Romance|Thriller'),
('dfbe01cb-bf2b-4549-9678-5110f50f0730', 'Action|Sci-Fi'),
('e2086080-ed69-4910-b04d-0088575049b4', 'Action|Drama|Thriller'),
('fd845a13-a0de-4f6a-9f94-66fc2a2e22e4', 'Drama|Fantasy');

-- --------------------------------------------------------

--
-- Tábla szerkezet ehhez a táblához `media`
--

CREATE TABLE `media` (
  `id` varchar(36) NOT NULL,
  `title` varchar(100) NOT NULL,
  `genre` varchar(36) NOT NULL,
  `movie` varchar(36) DEFAULT NULL,
  `series` varchar(36) DEFAULT NULL
) ENGINE=InnoDB DEFAULT CHARSET=utf8mb4 COLLATE=utf8mb4_general_ci;

--
-- A tábla adatainak kiíratása `media`
--

INSERT INTO `media` (`id`, `title`, `genre`, `movie`, `series`) VALUES
('02e5b9de-89fe-4b53-95aa-eba7357400bc', 'Housemaid, The (Hanyo)', 'caf2a0d8-2c08-44ec-83c4-d9af6df50564', '7fb24e1c-c31d-46d5-82ac-163473362f29', NULL),
('03112e80-f6af-4d69-b5f0-eb513fa56da4', 'Angela\'s Ashes', '2521eeb4-45ab-41e1-b4d3-8e37afd42a89', '58d27671-c6d4-489c-a77b-13edcbe99912', NULL),
('04203769-a05f-4ce4-9982-af7e583870e6', 'Killers, The', '1916822d-2a28-4d7a-b73a-388f523d557b', NULL, '7496da9e-d038-4fd9-933f-23c0e5b5bd8d'),
('0b1a00a4-15f1-4a4e-a391-248f9a1695d4', 'Conclave, The', '6072ca5b-56bf-47af-9c78-a4812fdf1c39', '2d334d91-f758-486c-9eca-a233a4b37ced', NULL),
('0ec26140-83cb-44e4-a966-dd3c7bfb41ba', 'Face of a Fugitive', '6ce481b3-2493-4e9a-9e5e-dcc97fe55a67', NULL, '35d9b7fe-33d7-4f57-99cc-51c833b02d8a'),
('1207e92e-0675-4975-970f-aeda3680c93c', 'Ten Shrews, The (Kymmenen riivinrautaa)', '8d2a5684-4e95-4964-8a56-dbcfcda533a8', '4bfc7104-1e03-40d5-a941-a21fa1692246', NULL),
('1fdc0c69-853f-42fb-b4fe-ca2b5e0873af', 'Burnt Offerings', 'e2086080-ed69-4910-b04d-0088575049b4', 'a1b7747e-9e3f-4fbb-907d-d95ccaf089f6', NULL),
('26915a03-49dc-4b3e-9b04-23b381be12c2', 'Devil\'s Rejects, The', '14cab6cc-fd90-4afd-a22f-02ff6ce1e94c', NULL, '64e15484-c482-4fe6-9970-2de05b67daf9'),
('27ee08ff-7f8d-4786-9d31-506290d087f0', 'Woman Is a Woman, A (femme est une femme, Une)', '6072ca5b-56bf-47af-9c78-a4812fdf1c39', NULL, 'f0c816fe-217a-4ecc-906c-8088331a7db7'),
('283c59a1-0820-49fe-98c9-c16d9adc9e25', 'Zero Hour!', '515a8d56-3915-49d0-b1d1-4e6094ec29d6', NULL, '410cd1e0-fdf1-47e8-b44c-b63aebf7372b'),
('28899c96-09c5-41b6-a52e-2cea5ef21abc', 'Since You Went Away', '4b7c3920-c4cc-47a7-895c-e713cc23f040', '59ad1fe2-b3b6-4b37-863f-4a089f159a0d', NULL),
('2ba02b03-2d7b-4881-9d26-9ae083d381f1', 'Fear and Desire', 'dfbe01cb-bf2b-4549-9678-5110f50f0730', '3a39e922-e1b9-4365-9f51-015c5c8886be', NULL),
('3981bd67-fa8c-4e27-84dd-1fcb9a714a2c', 'Anatahan', '01484d67-ee18-4fe5-a1f7-42f34a59cbad', 'b0dda4de-b9ba-4348-bfc3-700b00fbbcdd', NULL),
('3b28054f-151f-4a23-9fb8-e5e192307c46', 'Doulos, Le', '09113a86-3261-46c1-a73e-6b37c0bf7c12', NULL, '0cc01aad-964e-4322-aab7-add5eecd700f'),
('50104135-8747-4f65-8635-d734c1475097', 'Pandora\'s Promise', '1b30abfa-03b6-40f9-a662-baf43ad8d7b0', NULL, '4a9087b0-fabe-4fbe-824f-10c09ff43895'),
('5045d478-6c93-4800-b147-3017abeb74d7', 'Every Little Step', 'a70affea-dd7b-4ef8-b7ca-586ff5cbddcc', NULL, '32b4926a-72a3-45e8-a41e-b2003a2e903f'),
('5155d3ea-484c-4c67-a016-bfefd4ed9b9d', 'Jeopardy (a.k.a. A Woman in Jeopardy)', '5aef8919-efd9-4c18-bf41-26b48d3f6b0c', NULL, '1aea224c-41b7-41c5-8ff0-44ae63c8fe7b'),
('5b494bb3-6f98-4990-9a87-8b98a2db9998', 'Queen of Spades, The', '8dca9d0d-d9d1-4b5b-b56d-c7910725d747', 'aea96ec2-ad6d-4c3c-b447-e187eb6beb3c', NULL),
('6133ca65-b1d1-404e-9120-0460748670a0', 'I Now Pronounce You Chuck and Larry', '0f12f42f-fe9d-4128-bb8c-5497a908f12f', NULL, '0cf1fa40-15c8-4f7b-a2e8-44e57a8b0051'),
('61d9aec5-9ac0-4d45-990a-29e89004236e', 'Lake, A (Un lac)', 'a70affea-dd7b-4ef8-b7ca-586ff5cbddcc', NULL, '7d4b8c86-f000-46de-8f22-33fd2d3e8591'),
('6859fdaf-b737-4785-9524-e359f6d841ac', 'Gold Diggers: The Secret of Bear Mountain', '8533f565-cb58-4f23-ab92-e172c5664609', '147ad8a0-9cf0-467d-8a6c-bcd346d7c95d', NULL),
('6fad8e91-fb9a-45f4-85e1-67029d875df7', 'Carmina and Amen (Carmina y amén)', 'fd845a13-a0de-4f6a-9f94-66fc2a2e22e4', NULL, 'eeed55d2-e087-46f0-b8dc-a8684a8e3f90'),
('704bab05-3805-40c2-9910-d86883f2265c', 'The Legend of Bloody Jack', '13342cfb-675b-495e-86ec-82f372b0aecf', 'f32ad9ed-2b65-43df-9e28-63c909db8ce7', NULL),
('7c5da4fc-12bd-4285-b0e6-5e60fd4e70a5', 'Return Of The Ghostbusters', '6957070f-bf8d-433c-8461-fba73aa9e978', '06be0de2-2bee-43f8-8a41-dd7c50f9a100', NULL),
('7d23a745-0b40-4c15-8be3-d4b35f7512ae', 'Last Exit to Brooklyn', '0ad3ce4c-8d8a-4b32-8754-2d1e2201c016', '3c76617c-128f-4f2e-896e-136cde74c02e', NULL),
('7e600bf5-d860-4bdb-9ee2-b6839827849c', 'Lady in Red, The', '67104a0d-78ca-40ef-beeb-c456d784e20e', 'd2f1ab9f-0e98-41d0-8907-beacac233ef6', NULL),
('80407252-443f-47e7-91e9-8ab2cc4715c8', 'Marley', 'cb86819d-b178-4cbe-854d-c7ac204b20a1', NULL, '9812bbdc-4f5a-4ae4-8051-c9c4a0907b44'),
('8782853f-b495-47a0-9564-3105b5c15613', 'Kennedys, The', '6ce481b3-2493-4e9a-9e5e-dcc97fe55a67', 'c84349a9-4cf3-466c-8992-b8351c11af62', NULL),
('8e3a3c82-c0c7-4153-825a-294e340f612d', 'Inuyasha the Movie: The Castle Beyond the Looking Glass', '49c26f5b-08c7-454b-b593-701de5aaee42', NULL, 'c679b0bb-20fc-461f-a9da-7158b40a41ab'),
('8fcf7901-907b-4400-9770-55e5b9a94243', 'Detention', '9d4e2be8-3c52-46b3-9f43-559f9d769814', NULL, '30dd4088-c434-4462-826d-5572f143db3d'),
('924d8204-811d-4809-8c8e-6c9eddc39420', 'Day Without a Mexican, A', '24fced40-9aa6-4a17-a9c9-fce1a96d2112', 'bb38e32e-cb7b-4b05-a159-84594df62199', NULL),
('99af9018-369f-48b9-bbe5-a322bff8db54', 'Space Milkshake', '49556fee-97b6-4ba5-b572-3d8170a777f1', NULL, '3b9a5a04-d38b-4b6f-9cc5-66800a610be3'),
('9e00f555-e39c-499a-a165-94e780c22d85', 'Honey Moon (Honigmond)', '06913b86-07ca-40fd-90f0-238177f7c372', NULL, '41200edc-ddb9-4795-9ade-218ee9a09ada'),
('a1706b48-0083-4502-b4d3-6b05e1cc3b3e', 'Ugly, The', '524bcf40-bb4d-470a-8d3c-87ae62631b6a', NULL, '79471f16-8d16-4767-947b-91df14c66ce5'),
('a2519049-518e-4ee9-a952-59444077ed37', 'Standing Up', '515a8d56-3915-49d0-b1d1-4e6094ec29d6', '06622647-e23e-44ad-ae8c-a017f35855f0', NULL),
('ab29d3ca-c8f6-4579-8234-39a7f1ebdcb7', '21 Hours at Munich', 'b253738c-9623-43d3-b356-049586fdb94e', 'd14e2883-2626-4e6d-b983-e0c174fbdc42', NULL),
('b65cd5fa-6155-4d9f-8e8c-e13876a76e20', 'Girl Cut in Two, The (Fille coupée en deux, La)', '1791619d-3fc1-41e3-8914-9dd4c20e8573', '5d141873-7e1e-4829-a056-abe5db152c96', NULL),
('b9981506-a17a-4a04-bab8-093845fb844e', 'I Am Maria (Jag är Maria)', '46ba4367-8362-4357-8733-2c4b147d0e77', NULL, 'e9ba2ed4-e778-4377-96b9-a4b82624ce83'),
('c0f30eef-3b30-4dab-ae24-ea7b5f0f6f2d', 'Promotion, The', '8d2a5684-4e95-4964-8a56-dbcfcda533a8', NULL, '28016c69-8524-4dd4-87e8-8b24cf8e438d'),
('c26c0a19-64d5-42aa-9ac7-637054486241', 'Twilight of a Woman\'s Soul (Sumerki zhenskoi dushi)', '968c78f3-7f17-44ba-89e6-089ac62784fe', '10f91ad5-1150-468d-8d99-5cd797ab7493', NULL),
('c6f92156-3c07-481b-8fc9-3f1d96881372', 'Supergirl', '47832b7c-9fb8-40fd-8cef-fe6f62a46e1e', 'fcc50f90-e83c-44e1-9dd4-7e2416aba973', NULL),
('ca942765-820e-4105-a02e-f23b87c29ffd', 'Hide-Out', '90e7a092-6689-4ea4-a8e0-ffaf8f34262d', NULL, 'fa25e322-b37d-47f8-ac90-238b1349e4b7'),
('cbad9ef6-56df-426b-9e7d-d6be776eda44', 'Shine a Light', '1b30abfa-03b6-40f9-a662-baf43ad8d7b0', '4e594a48-ef74-4bbe-ac79-3833c778690d', NULL),
('d4cf8cf0-8a0c-4600-a085-280e179e8102', 'Dad', '81968cce-ae4a-472c-a396-1da84475695d', NULL, 'dd69f97e-1e66-4112-b6be-14a35e306706'),
('d8177cd7-a5ae-4e97-82e9-095af0eac6fc', 'Rentun Ruusu', '2601bb00-27f9-45b2-8d09-46c64f7bfa3b', 'fcd329bf-953c-414a-91cc-713972ce3cf6', NULL),
('d90bc1a3-db4e-4729-8c93-9b0911c7ab45', 'Toys', '01484d67-ee18-4fe5-a1f7-42f34a59cbad', NULL, '00f7a5d3-471c-4b92-8567-e366cf3d355b'),
('e2f2c70f-3188-489b-b0d9-5b800fd8198c', 'War Photographer', 'ac94f2e3-00d3-4325-9eab-47d6a47511a0', '4144a350-904e-439e-8e4b-3e48cc9f0a15', NULL),
('eee55da3-4b63-4337-96ad-029287f9aaaf', 'Remember Me (Ricordati di me)', '524bcf40-bb4d-470a-8d3c-87ae62631b6a', NULL, '1f0564bd-a4c0-4f57-a8a6-c20eaaaba783'),
('f8cf32b9-0437-4e38-9d73-b7ec3e09e25e', 'Hidden Face, The (La cara oculta)', '432b649e-302f-4618-b1fd-1c20eeb261cc', '12d432fa-70f1-4d8a-a5be-4539ac60e14a', NULL),
('fd3fd5f2-f0fe-4300-8717-fb47859b5a28', 'Being Julia', '09113a86-3261-46c1-a73e-6b37c0bf7c12', NULL, 'b9c8c744-09a7-4569-9b03-c14b304ac181');

-- --------------------------------------------------------

--
-- Tábla szerkezet ehhez a táblához `movies`
--

CREATE TABLE `movies` (
  `id` varchar(36) NOT NULL,
  `length` int(11) NOT NULL COMMENT 'in minutes',
  `released` int(11) NOT NULL COMMENT 'year'
) ENGINE=InnoDB DEFAULT CHARSET=utf8mb4 COLLATE=utf8mb4_general_ci;

--
-- A tábla adatainak kiíratása `movies`
--

INSERT INTO `movies` (`id`, `length`, `released`) VALUES
('06622647-e23e-44ad-ae8c-a017f35855f0', 253, 1988),
('06be0de2-2bee-43f8-8a41-dd7c50f9a100', 254, 1972),
('10f91ad5-1150-468d-8d99-5cd797ab7493', 169, 2011),
('12d432fa-70f1-4d8a-a5be-4539ac60e14a', 108, 2012),
('147ad8a0-9cf0-467d-8a6c-bcd346d7c95d', 111, 2007),
('2d334d91-f758-486c-9eca-a233a4b37ced', 173, 2007),
('3a39e922-e1b9-4365-9f51-015c5c8886be', 124, 1981),
('3c76617c-128f-4f2e-896e-136cde74c02e', 165, 1994),
('4144a350-904e-439e-8e4b-3e48cc9f0a15', 99, 1988),
('4bfc7104-1e03-40d5-a941-a21fa1692246', 261, 2010),
('4e594a48-ef74-4bbe-ac79-3833c778690d', 150, 1971),
('58d27671-c6d4-489c-a77b-13edcbe99912', 216, 1974),
('59ad1fe2-b3b6-4b37-863f-4a089f159a0d', 163, 2010),
('5d141873-7e1e-4829-a056-abe5db152c96', 222, 1978),
('7fb24e1c-c31d-46d5-82ac-163473362f29', 231, 1979),
('a1b7747e-9e3f-4fbb-907d-d95ccaf089f6', 148, 2016),
('aea96ec2-ad6d-4c3c-b447-e187eb6beb3c', 225, 1996),
('b0dda4de-b9ba-4348-bfc3-700b00fbbcdd', 136, 2014),
('bb38e32e-cb7b-4b05-a159-84594df62199', 223, 2022),
('c84349a9-4cf3-466c-8992-b8351c11af62', 216, 1983),
('d14e2883-2626-4e6d-b983-e0c174fbdc42', 219, 2011),
('d2f1ab9f-0e98-41d0-8907-beacac233ef6', 75, 1991),
('f32ad9ed-2b65-43df-9e28-63c909db8ce7', 136, 2014),
('fcc50f90-e83c-44e1-9dd4-7e2416aba973', 178, 2004),
('fcd329bf-953c-414a-91cc-713972ce3cf6', 214, 1992);

-- --------------------------------------------------------

--
-- Tábla szerkezet ehhez a táblához `ratings`
--

CREATE TABLE `ratings` (
  `media` varchar(36) NOT NULL,
  `user` varchar(36) NOT NULL,
  `rating` int(11) NOT NULL
) ENGINE=InnoDB DEFAULT CHARSET=utf8mb4 COLLATE=utf8mb4_general_ci;

--
-- A tábla adatainak kiíratása `ratings`
--

INSERT INTO `ratings` (`media`, `user`, `rating`) VALUES
('02e5b9de-89fe-4b53-95aa-eba7357400bc', '02423d83-deac-4878-be71-0af70975ce3a', 89),
('02e5b9de-89fe-4b53-95aa-eba7357400bc', '090f6b1d-5488-4e48-b733-3fa16f22f153', 30),
('02e5b9de-89fe-4b53-95aa-eba7357400bc', '1114dffb-9db9-4c62-8aa0-28f6f86a0875', 36),
('02e5b9de-89fe-4b53-95aa-eba7357400bc', '53bc2f78-8e4e-409f-97b9-5659a836a5f8', 48),
('02e5b9de-89fe-4b53-95aa-eba7357400bc', '53ee8e29-e6d3-463b-9da3-4ef5a586aa39', 3),
('02e5b9de-89fe-4b53-95aa-eba7357400bc', '668e721a-f097-4bb5-9660-f85ca9954181', 46),
('02e5b9de-89fe-4b53-95aa-eba7357400bc', '72dc30ac-fa55-4cbf-9316-94df296c12c0', 93),
('02e5b9de-89fe-4b53-95aa-eba7357400bc', '76673eb0-cc1a-41d6-90c4-b00add42ec45', 57),
('02e5b9de-89fe-4b53-95aa-eba7357400bc', '825402f1-1e8f-40dd-921f-cb8b7f300509', 52),
('02e5b9de-89fe-4b53-95aa-eba7357400bc', '90baf7fb-f3bd-4cb6-9511-cbf7fb4f0ca7', 46),
('02e5b9de-89fe-4b53-95aa-eba7357400bc', 'b575ca85-5626-43f2-a0ed-c2bde86339be', 66),
('02e5b9de-89fe-4b53-95aa-eba7357400bc', 'e3c41dc1-ce3d-44df-90de-b4c67f38176e', 14),
('02e5b9de-89fe-4b53-95aa-eba7357400bc', 'ee6524e1-80c1-4c5f-83a7-1ee551cdc297', 5),
('03112e80-f6af-4d69-b5f0-eb513fa56da4', '0aabc59f-57e0-4c9e-8356-242f316d944a', 3),
('03112e80-f6af-4d69-b5f0-eb513fa56da4', '668e721a-f097-4bb5-9660-f85ca9954181', 55),
('03112e80-f6af-4d69-b5f0-eb513fa56da4', 'cb3e64f6-cbf0-40bb-9358-7a1cd10ecd26', 4),
('04203769-a05f-4ce4-9982-af7e583870e6', '019dcb62-0cef-4ec9-82c9-43ad782ccd60', 74),
('04203769-a05f-4ce4-9982-af7e583870e6', 'cb3e64f6-cbf0-40bb-9358-7a1cd10ecd26', 57),
('0b1a00a4-15f1-4a4e-a391-248f9a1695d4', '019dcb62-0cef-4ec9-82c9-43ad782ccd60', 68),
('0b1a00a4-15f1-4a4e-a391-248f9a1695d4', '02423d83-deac-4878-be71-0af70975ce3a', 50),
('0b1a00a4-15f1-4a4e-a391-248f9a1695d4', '319813b1-5767-44ce-819c-00c0281b0ff1', 80),
('0b1a00a4-15f1-4a4e-a391-248f9a1695d4', '48bf4fc1-92cf-4d0d-a771-9a4cdf587aaa', 33),
('0b1a00a4-15f1-4a4e-a391-248f9a1695d4', '4e715ba2-ed94-4644-b1d1-4669beda3b42', 4),
('0b1a00a4-15f1-4a4e-a391-248f9a1695d4', '53bc2f78-8e4e-409f-97b9-5659a836a5f8', 37),
('0b1a00a4-15f1-4a4e-a391-248f9a1695d4', '53ee8e29-e6d3-463b-9da3-4ef5a586aa39', 29),
('0b1a00a4-15f1-4a4e-a391-248f9a1695d4', '5eb9f667-66c9-496f-989a-7421ac9f6866', 20),
('0b1a00a4-15f1-4a4e-a391-248f9a1695d4', '668e721a-f097-4bb5-9660-f85ca9954181', 59),
('0b1a00a4-15f1-4a4e-a391-248f9a1695d4', '825402f1-1e8f-40dd-921f-cb8b7f300509', 81),
('0b1a00a4-15f1-4a4e-a391-248f9a1695d4', '9396e17a-cf00-47ab-b1c0-006bdeb624ad', 3),
('0b1a00a4-15f1-4a4e-a391-248f9a1695d4', 'a1ac23d7-ef61-49d9-ba3e-bb9d16ae7f7e', 56),
('0b1a00a4-15f1-4a4e-a391-248f9a1695d4', 'a33022d5-b10e-4efe-8234-6a4178a7c381', 42),
('0b1a00a4-15f1-4a4e-a391-248f9a1695d4', 'c33018ac-2ddb-452b-8779-aa39025238e5', 78),
('0b1a00a4-15f1-4a4e-a391-248f9a1695d4', 'cb12a8b3-45fb-4471-9b4d-53f520ba52ba', 58),
('0b1a00a4-15f1-4a4e-a391-248f9a1695d4', 'df5b0a67-c3c3-4323-8c0d-24384742d8b1', 12),
('0b1a00a4-15f1-4a4e-a391-248f9a1695d4', 'ee6524e1-80c1-4c5f-83a7-1ee551cdc297', 16),
('0ec26140-83cb-44e4-a966-dd3c7bfb41ba', '019dcb62-0cef-4ec9-82c9-43ad782ccd60', 66),
('0ec26140-83cb-44e4-a966-dd3c7bfb41ba', 'a33022d5-b10e-4efe-8234-6a4178a7c381', 16),
('0ec26140-83cb-44e4-a966-dd3c7bfb41ba', 'b575ca85-5626-43f2-a0ed-c2bde86339be', 81),
('0ec26140-83cb-44e4-a966-dd3c7bfb41ba', 'cb3e64f6-cbf0-40bb-9358-7a1cd10ecd26', 34),
('1207e92e-0675-4975-970f-aeda3680c93c', '02423d83-deac-4878-be71-0af70975ce3a', 20),
('1207e92e-0675-4975-970f-aeda3680c93c', '0d3ae198-a532-4bb8-aabc-b2aa835a8797', 97),
('1207e92e-0675-4975-970f-aeda3680c93c', '1d339398-bcc3-47da-8e38-7cc1c489e13c', 90),
('1207e92e-0675-4975-970f-aeda3680c93c', '2aca5e3f-d7f6-4477-8775-c7f1b55bd555', 91),
('1207e92e-0675-4975-970f-aeda3680c93c', '58f13b42-362c-45ac-9971-ff8fc0eb2e1b', 48),
('1207e92e-0675-4975-970f-aeda3680c93c', '5eb9f667-66c9-496f-989a-7421ac9f6866', 96),
('1207e92e-0675-4975-970f-aeda3680c93c', '668e721a-f097-4bb5-9660-f85ca9954181', 64),
('1207e92e-0675-4975-970f-aeda3680c93c', '8163b0eb-d0c5-4f46-be06-924b2a200eee', 50),
('1207e92e-0675-4975-970f-aeda3680c93c', '8dea8274-9087-49cb-9dfe-d5f7299019b7', 41),
('1207e92e-0675-4975-970f-aeda3680c93c', 'a2ed9ab9-ba88-4329-adde-42ab2d536801', 96),
('1207e92e-0675-4975-970f-aeda3680c93c', 'b575ca85-5626-43f2-a0ed-c2bde86339be', 31),
('1207e92e-0675-4975-970f-aeda3680c93c', 'cb12a8b3-45fb-4471-9b4d-53f520ba52ba', 84),
('1207e92e-0675-4975-970f-aeda3680c93c', 'f376f648-17f1-4251-bd84-0b453fb7998f', 43),
('1fdc0c69-853f-42fb-b4fe-ca2b5e0873af', '0aabc59f-57e0-4c9e-8356-242f316d944a', 41),
('1fdc0c69-853f-42fb-b4fe-ca2b5e0873af', '0d3ae198-a532-4bb8-aabc-b2aa835a8797', 51),
('1fdc0c69-853f-42fb-b4fe-ca2b5e0873af', '1d339398-bcc3-47da-8e38-7cc1c489e13c', 59),
('1fdc0c69-853f-42fb-b4fe-ca2b5e0873af', '319813b1-5767-44ce-819c-00c0281b0ff1', 15),
('1fdc0c69-853f-42fb-b4fe-ca2b5e0873af', '4aea77bb-bb4e-4c95-ad88-b4fb4248f0fc', 45),
('1fdc0c69-853f-42fb-b4fe-ca2b5e0873af', '53bc2f78-8e4e-409f-97b9-5659a836a5f8', 98),
('1fdc0c69-853f-42fb-b4fe-ca2b5e0873af', '56f732cb-e704-47cc-b592-fc0808a1ee5d', 28),
('1fdc0c69-853f-42fb-b4fe-ca2b5e0873af', '719b8f60-5e3f-4e90-b6af-829503458504', 33),
('1fdc0c69-853f-42fb-b4fe-ca2b5e0873af', '7b02a1f4-ad01-4fe3-9228-51b368aa524e', 88),
('1fdc0c69-853f-42fb-b4fe-ca2b5e0873af', '8dea8274-9087-49cb-9dfe-d5f7299019b7', 0),
('1fdc0c69-853f-42fb-b4fe-ca2b5e0873af', '9be933fe-7c68-4f29-94b1-b330a48740e2', 20),
('1fdc0c69-853f-42fb-b4fe-ca2b5e0873af', 'bfa32fa5-a1e0-486c-9e89-3365d704dbe3', 29),
('1fdc0c69-853f-42fb-b4fe-ca2b5e0873af', 'cb12a8b3-45fb-4471-9b4d-53f520ba52ba', 35),
('1fdc0c69-853f-42fb-b4fe-ca2b5e0873af', 'cb3e64f6-cbf0-40bb-9358-7a1cd10ecd26', 36),
('1fdc0c69-853f-42fb-b4fe-ca2b5e0873af', 'df5b0a67-c3c3-4323-8c0d-24384742d8b1', 79),
('1fdc0c69-853f-42fb-b4fe-ca2b5e0873af', 'f376f648-17f1-4251-bd84-0b453fb7998f', 43),
('26915a03-49dc-4b3e-9b04-23b381be12c2', '02423d83-deac-4878-be71-0af70975ce3a', 41),
('26915a03-49dc-4b3e-9b04-23b381be12c2', '0d3ae198-a532-4bb8-aabc-b2aa835a8797', 74),
('26915a03-49dc-4b3e-9b04-23b381be12c2', '1a4b3782-d515-4468-aab2-6cb0a07a7409', 8),
('26915a03-49dc-4b3e-9b04-23b381be12c2', '2aca5e3f-d7f6-4477-8775-c7f1b55bd555', 42),
('26915a03-49dc-4b3e-9b04-23b381be12c2', '44474e41-1664-444b-8009-0cc419167380', 63),
('26915a03-49dc-4b3e-9b04-23b381be12c2', '53bc2f78-8e4e-409f-97b9-5659a836a5f8', 24),
('26915a03-49dc-4b3e-9b04-23b381be12c2', '58f13b42-362c-45ac-9971-ff8fc0eb2e1b', 72),
('26915a03-49dc-4b3e-9b04-23b381be12c2', '76673eb0-cc1a-41d6-90c4-b00add42ec45', 63),
('26915a03-49dc-4b3e-9b04-23b381be12c2', '9ba304e4-f30e-4197-82a5-84f41d100883', 81),
('26915a03-49dc-4b3e-9b04-23b381be12c2', 'a1ac23d7-ef61-49d9-ba3e-bb9d16ae7f7e', 94),
('26915a03-49dc-4b3e-9b04-23b381be12c2', 'bfa32fa5-a1e0-486c-9e89-3365d704dbe3', 18),
('26915a03-49dc-4b3e-9b04-23b381be12c2', 'c33018ac-2ddb-452b-8779-aa39025238e5', 97),
('26915a03-49dc-4b3e-9b04-23b381be12c2', 'cb12a8b3-45fb-4471-9b4d-53f520ba52ba', 79),
('26915a03-49dc-4b3e-9b04-23b381be12c2', 'f376f648-17f1-4251-bd84-0b453fb7998f', 47),
('27ee08ff-7f8d-4786-9d31-506290d087f0', '02423d83-deac-4878-be71-0af70975ce3a', 53),
('283c59a1-0820-49fe-98c9-c16d9adc9e25', '1d339398-bcc3-47da-8e38-7cc1c489e13c', 76),
('283c59a1-0820-49fe-98c9-c16d9adc9e25', '319813b1-5767-44ce-819c-00c0281b0ff1', 25),
('283c59a1-0820-49fe-98c9-c16d9adc9e25', '7b02a1f4-ad01-4fe3-9228-51b368aa524e', 68),
('283c59a1-0820-49fe-98c9-c16d9adc9e25', '9396e17a-cf00-47ab-b1c0-006bdeb624ad', 25),
('283c59a1-0820-49fe-98c9-c16d9adc9e25', 'f376f648-17f1-4251-bd84-0b453fb7998f', 61),
('28899c96-09c5-41b6-a52e-2cea5ef21abc', '9ba304e4-f30e-4197-82a5-84f41d100883', 100),
('28899c96-09c5-41b6-a52e-2cea5ef21abc', 'a1ac23d7-ef61-49d9-ba3e-bb9d16ae7f7e', 15),
('2ba02b03-2d7b-4881-9d26-9ae083d381f1', '1a4b3782-d515-4468-aab2-6cb0a07a7409', 15),
('2ba02b03-2d7b-4881-9d26-9ae083d381f1', '1d339398-bcc3-47da-8e38-7cc1c489e13c', 60),
('2ba02b03-2d7b-4881-9d26-9ae083d381f1', '2e8d09c8-e4ef-4a78-a955-56ad2b5626df', 88),
('2ba02b03-2d7b-4881-9d26-9ae083d381f1', '4aea77bb-bb4e-4c95-ad88-b4fb4248f0fc', 11),
('2ba02b03-2d7b-4881-9d26-9ae083d381f1', '719b8f60-5e3f-4e90-b6af-829503458504', 19),
('2ba02b03-2d7b-4881-9d26-9ae083d381f1', 'a33022d5-b10e-4efe-8234-6a4178a7c381', 48),
('2ba02b03-2d7b-4881-9d26-9ae083d381f1', 'bc2e8af8-6fdd-4d9f-a253-6d4d1fe8183f', 29),
('2ba02b03-2d7b-4881-9d26-9ae083d381f1', 'df5b0a67-c3c3-4323-8c0d-24384742d8b1', 60),
('3981bd67-fa8c-4e27-84dd-1fcb9a714a2c', '090f6b1d-5488-4e48-b733-3fa16f22f153', 86),
('3981bd67-fa8c-4e27-84dd-1fcb9a714a2c', '2aca5e3f-d7f6-4477-8775-c7f1b55bd555', 21),
('3981bd67-fa8c-4e27-84dd-1fcb9a714a2c', '319813b1-5767-44ce-819c-00c0281b0ff1', 43),
('3981bd67-fa8c-4e27-84dd-1fcb9a714a2c', '47277788-08e7-41a7-b69b-5f5b01366b66', 67),
('3981bd67-fa8c-4e27-84dd-1fcb9a714a2c', '668e721a-f097-4bb5-9660-f85ca9954181', 31),
('3981bd67-fa8c-4e27-84dd-1fcb9a714a2c', '726bac7c-0c70-496e-98ba-9c1a922aef27', 55),
('3981bd67-fa8c-4e27-84dd-1fcb9a714a2c', '7b02a1f4-ad01-4fe3-9228-51b368aa524e', 37),
('3981bd67-fa8c-4e27-84dd-1fcb9a714a2c', '9be933fe-7c68-4f29-94b1-b330a48740e2', 10),
('3981bd67-fa8c-4e27-84dd-1fcb9a714a2c', 'f376f648-17f1-4251-bd84-0b453fb7998f', 31),
('3b28054f-151f-4a23-9fb8-e5e192307c46', '02423d83-deac-4878-be71-0af70975ce3a', 46),
('3b28054f-151f-4a23-9fb8-e5e192307c46', '4e715ba2-ed94-4644-b1d1-4669beda3b42', 17),
('3b28054f-151f-4a23-9fb8-e5e192307c46', '719b8f60-5e3f-4e90-b6af-829503458504', 32),
('3b28054f-151f-4a23-9fb8-e5e192307c46', '76673eb0-cc1a-41d6-90c4-b00add42ec45', 60),
('3b28054f-151f-4a23-9fb8-e5e192307c46', '7b02a1f4-ad01-4fe3-9228-51b368aa524e', 88),
('3b28054f-151f-4a23-9fb8-e5e192307c46', 'cb12a8b3-45fb-4471-9b4d-53f520ba52ba', 74),
('3b28054f-151f-4a23-9fb8-e5e192307c46', 'e3c41dc1-ce3d-44df-90de-b4c67f38176e', 26),
('50104135-8747-4f65-8635-d734c1475097', '2e8d09c8-e4ef-4a78-a955-56ad2b5626df', 59),
('50104135-8747-4f65-8635-d734c1475097', '48bf4fc1-92cf-4d0d-a771-9a4cdf587aaa', 4),
('50104135-8747-4f65-8635-d734c1475097', '56f732cb-e704-47cc-b592-fc0808a1ee5d', 100),
('50104135-8747-4f65-8635-d734c1475097', '671cd7a1-5c34-495a-b234-770b9c7f10a4', 29),
('50104135-8747-4f65-8635-d734c1475097', '719b8f60-5e3f-4e90-b6af-829503458504', 8),
('50104135-8747-4f65-8635-d734c1475097', '825402f1-1e8f-40dd-921f-cb8b7f300509', 8),
('50104135-8747-4f65-8635-d734c1475097', 'a2ed9ab9-ba88-4329-adde-42ab2d536801', 36),
('50104135-8747-4f65-8635-d734c1475097', 'a33022d5-b10e-4efe-8234-6a4178a7c381', 85),
('50104135-8747-4f65-8635-d734c1475097', 'f376f648-17f1-4251-bd84-0b453fb7998f', 46),
('5045d478-6c93-4800-b147-3017abeb74d7', '019dcb62-0cef-4ec9-82c9-43ad782ccd60', 64),
('5045d478-6c93-4800-b147-3017abeb74d7', '090f6b1d-5488-4e48-b733-3fa16f22f153', 73),
('5045d478-6c93-4800-b147-3017abeb74d7', '2e8d09c8-e4ef-4a78-a955-56ad2b5626df', 56),
('5045d478-6c93-4800-b147-3017abeb74d7', '4e715ba2-ed94-4644-b1d1-4669beda3b42', 94),
('5045d478-6c93-4800-b147-3017abeb74d7', '53bc2f78-8e4e-409f-97b9-5659a836a5f8', 6),
('5045d478-6c93-4800-b147-3017abeb74d7', '56f732cb-e704-47cc-b592-fc0808a1ee5d', 80),
('5045d478-6c93-4800-b147-3017abeb74d7', '671cd7a1-5c34-495a-b234-770b9c7f10a4', 84),
('5045d478-6c93-4800-b147-3017abeb74d7', '72dc30ac-fa55-4cbf-9316-94df296c12c0', 6),
('5045d478-6c93-4800-b147-3017abeb74d7', '75ce7bbb-fcd2-4071-94e1-60049af8a23f', 63),
('5045d478-6c93-4800-b147-3017abeb74d7', '7b02a1f4-ad01-4fe3-9228-51b368aa524e', 15),
('5045d478-6c93-4800-b147-3017abeb74d7', '8dea8274-9087-49cb-9dfe-d5f7299019b7', 72),
('5045d478-6c93-4800-b147-3017abeb74d7', 'a1ac23d7-ef61-49d9-ba3e-bb9d16ae7f7e', 74),
('5045d478-6c93-4800-b147-3017abeb74d7', 'ee6524e1-80c1-4c5f-83a7-1ee551cdc297', 96),
('5155d3ea-484c-4c67-a016-bfefd4ed9b9d', '090f6b1d-5488-4e48-b733-3fa16f22f153', 22),
('5155d3ea-484c-4c67-a016-bfefd4ed9b9d', '1a4b3782-d515-4468-aab2-6cb0a07a7409', 26),
('5155d3ea-484c-4c67-a016-bfefd4ed9b9d', '319813b1-5767-44ce-819c-00c0281b0ff1', 55),
('5155d3ea-484c-4c67-a016-bfefd4ed9b9d', '44474e41-1664-444b-8009-0cc419167380', 88),
('5155d3ea-484c-4c67-a016-bfefd4ed9b9d', '53bc2f78-8e4e-409f-97b9-5659a836a5f8', 7),
('5155d3ea-484c-4c67-a016-bfefd4ed9b9d', '5eb9f667-66c9-496f-989a-7421ac9f6866', 50),
('5155d3ea-484c-4c67-a016-bfefd4ed9b9d', '668e721a-f097-4bb5-9660-f85ca9954181', 57),
('5155d3ea-484c-4c67-a016-bfefd4ed9b9d', '671cd7a1-5c34-495a-b234-770b9c7f10a4', 45),
('5155d3ea-484c-4c67-a016-bfefd4ed9b9d', '7b02a1f4-ad01-4fe3-9228-51b368aa524e', 4),
('5155d3ea-484c-4c67-a016-bfefd4ed9b9d', '90baf7fb-f3bd-4cb6-9511-cbf7fb4f0ca7', 2),
('5155d3ea-484c-4c67-a016-bfefd4ed9b9d', 'cb3e64f6-cbf0-40bb-9358-7a1cd10ecd26', 1),
('5155d3ea-484c-4c67-a016-bfefd4ed9b9d', 'df5b0a67-c3c3-4323-8c0d-24384742d8b1', 73),
('5b494bb3-6f98-4990-9a87-8b98a2db9998', '0aabc59f-57e0-4c9e-8356-242f316d944a', 76),
('5b494bb3-6f98-4990-9a87-8b98a2db9998', '2aca5e3f-d7f6-4477-8775-c7f1b55bd555', 46),
('5b494bb3-6f98-4990-9a87-8b98a2db9998', '44474e41-1664-444b-8009-0cc419167380', 33),
('5b494bb3-6f98-4990-9a87-8b98a2db9998', '47277788-08e7-41a7-b69b-5f5b01366b66', 58),
('5b494bb3-6f98-4990-9a87-8b98a2db9998', '53ee8e29-e6d3-463b-9da3-4ef5a586aa39', 2),
('5b494bb3-6f98-4990-9a87-8b98a2db9998', '56f732cb-e704-47cc-b592-fc0808a1ee5d', 2),
('5b494bb3-6f98-4990-9a87-8b98a2db9998', '5eb9f667-66c9-496f-989a-7421ac9f6866', 67),
('5b494bb3-6f98-4990-9a87-8b98a2db9998', '671cd7a1-5c34-495a-b234-770b9c7f10a4', 90),
('5b494bb3-6f98-4990-9a87-8b98a2db9998', '7b02a1f4-ad01-4fe3-9228-51b368aa524e', 85),
('5b494bb3-6f98-4990-9a87-8b98a2db9998', '8163b0eb-d0c5-4f46-be06-924b2a200eee', 54),
('5b494bb3-6f98-4990-9a87-8b98a2db9998', '90baf7fb-f3bd-4cb6-9511-cbf7fb4f0ca7', 20),
('5b494bb3-6f98-4990-9a87-8b98a2db9998', 'bc2e8af8-6fdd-4d9f-a253-6d4d1fe8183f', 34),
('5b494bb3-6f98-4990-9a87-8b98a2db9998', 'e3c41dc1-ce3d-44df-90de-b4c67f38176e', 63),
('5b494bb3-6f98-4990-9a87-8b98a2db9998', 'f376f648-17f1-4251-bd84-0b453fb7998f', 69),
('6133ca65-b1d1-404e-9120-0460748670a0', '48bf4fc1-92cf-4d0d-a771-9a4cdf587aaa', 1),
('6133ca65-b1d1-404e-9120-0460748670a0', '9396e17a-cf00-47ab-b1c0-006bdeb624ad', 18),
('6133ca65-b1d1-404e-9120-0460748670a0', 'cb3e64f6-cbf0-40bb-9358-7a1cd10ecd26', 69),
('61d9aec5-9ac0-4d45-990a-29e89004236e', '02423d83-deac-4878-be71-0af70975ce3a', 46),
('61d9aec5-9ac0-4d45-990a-29e89004236e', '1a4b3782-d515-4468-aab2-6cb0a07a7409', 14),
('61d9aec5-9ac0-4d45-990a-29e89004236e', '319813b1-5767-44ce-819c-00c0281b0ff1', 84),
('61d9aec5-9ac0-4d45-990a-29e89004236e', '44474e41-1664-444b-8009-0cc419167380', 87),
('61d9aec5-9ac0-4d45-990a-29e89004236e', '4e715ba2-ed94-4644-b1d1-4669beda3b42', 70),
('61d9aec5-9ac0-4d45-990a-29e89004236e', '53ee8e29-e6d3-463b-9da3-4ef5a586aa39', 77),
('61d9aec5-9ac0-4d45-990a-29e89004236e', '5eb9f667-66c9-496f-989a-7421ac9f6866', 36),
('61d9aec5-9ac0-4d45-990a-29e89004236e', '668e721a-f097-4bb5-9660-f85ca9954181', 37),
('61d9aec5-9ac0-4d45-990a-29e89004236e', '72dc30ac-fa55-4cbf-9316-94df296c12c0', 12),
('61d9aec5-9ac0-4d45-990a-29e89004236e', '9be933fe-7c68-4f29-94b1-b330a48740e2', 95),
('61d9aec5-9ac0-4d45-990a-29e89004236e', 'a2ed9ab9-ba88-4329-adde-42ab2d536801', 12),
('61d9aec5-9ac0-4d45-990a-29e89004236e', 'cb3e64f6-cbf0-40bb-9358-7a1cd10ecd26', 30),
('61d9aec5-9ac0-4d45-990a-29e89004236e', 'd1aa4ab4-aeea-4fc7-a3cd-ac94b36e6d7f', 94),
('61d9aec5-9ac0-4d45-990a-29e89004236e', 'e3c41dc1-ce3d-44df-90de-b4c67f38176e', 16),
('6859fdaf-b737-4785-9524-e359f6d841ac', '02423d83-deac-4878-be71-0af70975ce3a', 5),
('6859fdaf-b737-4785-9524-e359f6d841ac', '0aabc59f-57e0-4c9e-8356-242f316d944a', 0),
('6859fdaf-b737-4785-9524-e359f6d841ac', '1114dffb-9db9-4c62-8aa0-28f6f86a0875', 10),
('6859fdaf-b737-4785-9524-e359f6d841ac', '2aca5e3f-d7f6-4477-8775-c7f1b55bd555', 3),
('6859fdaf-b737-4785-9524-e359f6d841ac', '2e8d09c8-e4ef-4a78-a955-56ad2b5626df', 14),
('6859fdaf-b737-4785-9524-e359f6d841ac', '44474e41-1664-444b-8009-0cc419167380', 25),
('6859fdaf-b737-4785-9524-e359f6d841ac', '53ee8e29-e6d3-463b-9da3-4ef5a586aa39', 18),
('6859fdaf-b737-4785-9524-e359f6d841ac', '668e721a-f097-4bb5-9660-f85ca9954181', 7),
('6859fdaf-b737-4785-9524-e359f6d841ac', '726bac7c-0c70-496e-98ba-9c1a922aef27', 20),
('6859fdaf-b737-4785-9524-e359f6d841ac', '8163b0eb-d0c5-4f46-be06-924b2a200eee', 79),
('6859fdaf-b737-4785-9524-e359f6d841ac', '8dea8274-9087-49cb-9dfe-d5f7299019b7', 65),
('6859fdaf-b737-4785-9524-e359f6d841ac', 'cb12a8b3-45fb-4471-9b4d-53f520ba52ba', 45),
('6fad8e91-fb9a-45f4-85e1-67029d875df7', '47277788-08e7-41a7-b69b-5f5b01366b66', 70),
('6fad8e91-fb9a-45f4-85e1-67029d875df7', '53bc2f78-8e4e-409f-97b9-5659a836a5f8', 10),
('6fad8e91-fb9a-45f4-85e1-67029d875df7', '53ee8e29-e6d3-463b-9da3-4ef5a586aa39', 5),
('6fad8e91-fb9a-45f4-85e1-67029d875df7', '58f13b42-362c-45ac-9971-ff8fc0eb2e1b', 97),
('6fad8e91-fb9a-45f4-85e1-67029d875df7', '90baf7fb-f3bd-4cb6-9511-cbf7fb4f0ca7', 19),
('6fad8e91-fb9a-45f4-85e1-67029d875df7', '9396e17a-cf00-47ab-b1c0-006bdeb624ad', 70),
('6fad8e91-fb9a-45f4-85e1-67029d875df7', 'bfa32fa5-a1e0-486c-9e89-3365d704dbe3', 16),
('6fad8e91-fb9a-45f4-85e1-67029d875df7', 'cb12a8b3-45fb-4471-9b4d-53f520ba52ba', 48),
('7c5da4fc-12bd-4285-b0e6-5e60fd4e70a5', '090f6b1d-5488-4e48-b733-3fa16f22f153', 99),
('7c5da4fc-12bd-4285-b0e6-5e60fd4e70a5', '0d3ae198-a532-4bb8-aabc-b2aa835a8797', 6),
('7c5da4fc-12bd-4285-b0e6-5e60fd4e70a5', '2e8d09c8-e4ef-4a78-a955-56ad2b5626df', 82),
('7c5da4fc-12bd-4285-b0e6-5e60fd4e70a5', '44474e41-1664-444b-8009-0cc419167380', 60),
('7c5da4fc-12bd-4285-b0e6-5e60fd4e70a5', '4aea77bb-bb4e-4c95-ad88-b4fb4248f0fc', 16),
('7c5da4fc-12bd-4285-b0e6-5e60fd4e70a5', '4e715ba2-ed94-4644-b1d1-4669beda3b42', 22),
('7c5da4fc-12bd-4285-b0e6-5e60fd4e70a5', '53bc2f78-8e4e-409f-97b9-5659a836a5f8', 4),
('7c5da4fc-12bd-4285-b0e6-5e60fd4e70a5', '53ee8e29-e6d3-463b-9da3-4ef5a586aa39', 45),
('7c5da4fc-12bd-4285-b0e6-5e60fd4e70a5', '8163b0eb-d0c5-4f46-be06-924b2a200eee', 64),
('7c5da4fc-12bd-4285-b0e6-5e60fd4e70a5', '9396e17a-cf00-47ab-b1c0-006bdeb624ad', 98),
('7c5da4fc-12bd-4285-b0e6-5e60fd4e70a5', '9ba304e4-f30e-4197-82a5-84f41d100883', 77),
('7c5da4fc-12bd-4285-b0e6-5e60fd4e70a5', 'bfa32fa5-a1e0-486c-9e89-3365d704dbe3', 48),
('7c5da4fc-12bd-4285-b0e6-5e60fd4e70a5', 'cb12a8b3-45fb-4471-9b4d-53f520ba52ba', 36),
('7c5da4fc-12bd-4285-b0e6-5e60fd4e70a5', 'e3c41dc1-ce3d-44df-90de-b4c67f38176e', 63),
('7c5da4fc-12bd-4285-b0e6-5e60fd4e70a5', 'ee6524e1-80c1-4c5f-83a7-1ee551cdc297', 7),
('7d23a745-0b40-4c15-8be3-d4b35f7512ae', '1d339398-bcc3-47da-8e38-7cc1c489e13c', 95),
('7d23a745-0b40-4c15-8be3-d4b35f7512ae', 'df5b0a67-c3c3-4323-8c0d-24384742d8b1', 38),
('7e600bf5-d860-4bdb-9ee2-b6839827849c', '019dcb62-0cef-4ec9-82c9-43ad782ccd60', 54),
('7e600bf5-d860-4bdb-9ee2-b6839827849c', '58f13b42-362c-45ac-9971-ff8fc0eb2e1b', 83),
('7e600bf5-d860-4bdb-9ee2-b6839827849c', '668e721a-f097-4bb5-9660-f85ca9954181', 95),
('7e600bf5-d860-4bdb-9ee2-b6839827849c', '719b8f60-5e3f-4e90-b6af-829503458504', 52),
('7e600bf5-d860-4bdb-9ee2-b6839827849c', '76673eb0-cc1a-41d6-90c4-b00add42ec45', 62),
('7e600bf5-d860-4bdb-9ee2-b6839827849c', '9be933fe-7c68-4f29-94b1-b330a48740e2', 83),
('7e600bf5-d860-4bdb-9ee2-b6839827849c', 'a1ac23d7-ef61-49d9-ba3e-bb9d16ae7f7e', 53),
('7e600bf5-d860-4bdb-9ee2-b6839827849c', 'a33022d5-b10e-4efe-8234-6a4178a7c381', 59),
('7e600bf5-d860-4bdb-9ee2-b6839827849c', 'ee6524e1-80c1-4c5f-83a7-1ee551cdc297', 83),
('80407252-443f-47e7-91e9-8ab2cc4715c8', '0d3ae198-a532-4bb8-aabc-b2aa835a8797', 19),
('80407252-443f-47e7-91e9-8ab2cc4715c8', '1114dffb-9db9-4c62-8aa0-28f6f86a0875', 58),
('80407252-443f-47e7-91e9-8ab2cc4715c8', '1a4b3782-d515-4468-aab2-6cb0a07a7409', 92),
('80407252-443f-47e7-91e9-8ab2cc4715c8', '44474e41-1664-444b-8009-0cc419167380', 97),
('80407252-443f-47e7-91e9-8ab2cc4715c8', '4aea77bb-bb4e-4c95-ad88-b4fb4248f0fc', 86),
('80407252-443f-47e7-91e9-8ab2cc4715c8', '5eb9f667-66c9-496f-989a-7421ac9f6866', 35),
('80407252-443f-47e7-91e9-8ab2cc4715c8', '668e721a-f097-4bb5-9660-f85ca9954181', 75),
('80407252-443f-47e7-91e9-8ab2cc4715c8', '8163b0eb-d0c5-4f46-be06-924b2a200eee', 9),
('80407252-443f-47e7-91e9-8ab2cc4715c8', 'a1ac23d7-ef61-49d9-ba3e-bb9d16ae7f7e', 95),
('80407252-443f-47e7-91e9-8ab2cc4715c8', 'a33022d5-b10e-4efe-8234-6a4178a7c381', 26),
('80407252-443f-47e7-91e9-8ab2cc4715c8', 'cb12a8b3-45fb-4471-9b4d-53f520ba52ba', 16),
('80407252-443f-47e7-91e9-8ab2cc4715c8', 'df5b0a67-c3c3-4323-8c0d-24384742d8b1', 87),
('80407252-443f-47e7-91e9-8ab2cc4715c8', 'f376f648-17f1-4251-bd84-0b453fb7998f', 35),
('8782853f-b495-47a0-9564-3105b5c15613', '090f6b1d-5488-4e48-b733-3fa16f22f153', 89),
('8782853f-b495-47a0-9564-3105b5c15613', '0aabc59f-57e0-4c9e-8356-242f316d944a', 48),
('8782853f-b495-47a0-9564-3105b5c15613', '1114dffb-9db9-4c62-8aa0-28f6f86a0875', 40),
('8782853f-b495-47a0-9564-3105b5c15613', '1a4b3782-d515-4468-aab2-6cb0a07a7409', 45),
('8782853f-b495-47a0-9564-3105b5c15613', '2e8d09c8-e4ef-4a78-a955-56ad2b5626df', 62),
('8782853f-b495-47a0-9564-3105b5c15613', '44474e41-1664-444b-8009-0cc419167380', 87),
('8782853f-b495-47a0-9564-3105b5c15613', '48bf4fc1-92cf-4d0d-a771-9a4cdf587aaa', 25),
('8782853f-b495-47a0-9564-3105b5c15613', '53bc2f78-8e4e-409f-97b9-5659a836a5f8', 7),
('8782853f-b495-47a0-9564-3105b5c15613', '53ee8e29-e6d3-463b-9da3-4ef5a586aa39', 95),
('8782853f-b495-47a0-9564-3105b5c15613', '5eb9f667-66c9-496f-989a-7421ac9f6866', 67),
('8782853f-b495-47a0-9564-3105b5c15613', '668e721a-f097-4bb5-9660-f85ca9954181', 91),
('8782853f-b495-47a0-9564-3105b5c15613', '75ce7bbb-fcd2-4071-94e1-60049af8a23f', 31),
('8782853f-b495-47a0-9564-3105b5c15613', 'a1ac23d7-ef61-49d9-ba3e-bb9d16ae7f7e', 73),
('8782853f-b495-47a0-9564-3105b5c15613', 'b575ca85-5626-43f2-a0ed-c2bde86339be', 49),
('8782853f-b495-47a0-9564-3105b5c15613', 'c33018ac-2ddb-452b-8779-aa39025238e5', 57),
('8782853f-b495-47a0-9564-3105b5c15613', 'cb12a8b3-45fb-4471-9b4d-53f520ba52ba', 21),
('8782853f-b495-47a0-9564-3105b5c15613', 'ee6524e1-80c1-4c5f-83a7-1ee551cdc297', 34),
('8782853f-b495-47a0-9564-3105b5c15613', 'f376f648-17f1-4251-bd84-0b453fb7998f', 54),
('8e3a3c82-c0c7-4153-825a-294e340f612d', '02423d83-deac-4878-be71-0af70975ce3a', 81),
('8e3a3c82-c0c7-4153-825a-294e340f612d', '0d3ae198-a532-4bb8-aabc-b2aa835a8797', 69),
('8e3a3c82-c0c7-4153-825a-294e340f612d', '1114dffb-9db9-4c62-8aa0-28f6f86a0875', 39),
('8e3a3c82-c0c7-4153-825a-294e340f612d', '1d339398-bcc3-47da-8e38-7cc1c489e13c', 17),
('8e3a3c82-c0c7-4153-825a-294e340f612d', '319813b1-5767-44ce-819c-00c0281b0ff1', 22),
('8e3a3c82-c0c7-4153-825a-294e340f612d', '44474e41-1664-444b-8009-0cc419167380', 52),
('8e3a3c82-c0c7-4153-825a-294e340f612d', '53ee8e29-e6d3-463b-9da3-4ef5a586aa39', 54),
('8e3a3c82-c0c7-4153-825a-294e340f612d', '56f732cb-e704-47cc-b592-fc0808a1ee5d', 75),
('8e3a3c82-c0c7-4153-825a-294e340f612d', '5eb9f667-66c9-496f-989a-7421ac9f6866', 34),
('8e3a3c82-c0c7-4153-825a-294e340f612d', '671cd7a1-5c34-495a-b234-770b9c7f10a4', 87),
('8e3a3c82-c0c7-4153-825a-294e340f612d', '9396e17a-cf00-47ab-b1c0-006bdeb624ad', 96),
('8e3a3c82-c0c7-4153-825a-294e340f612d', '9be933fe-7c68-4f29-94b1-b330a48740e2', 40),
('8e3a3c82-c0c7-4153-825a-294e340f612d', 'a2ed9ab9-ba88-4329-adde-42ab2d536801', 97),
('8e3a3c82-c0c7-4153-825a-294e340f612d', 'bc2e8af8-6fdd-4d9f-a253-6d4d1fe8183f', 97),
('8e3a3c82-c0c7-4153-825a-294e340f612d', 'cb12a8b3-45fb-4471-9b4d-53f520ba52ba', 77),
('8e3a3c82-c0c7-4153-825a-294e340f612d', 'cb3e64f6-cbf0-40bb-9358-7a1cd10ecd26', 48),
('8e3a3c82-c0c7-4153-825a-294e340f612d', 'd1aa4ab4-aeea-4fc7-a3cd-ac94b36e6d7f', 10),
('8e3a3c82-c0c7-4153-825a-294e340f612d', 'e3c41dc1-ce3d-44df-90de-b4c67f38176e', 39),
('8e3a3c82-c0c7-4153-825a-294e340f612d', 'f376f648-17f1-4251-bd84-0b453fb7998f', 52),
('8fcf7901-907b-4400-9770-55e5b9a94243', '02423d83-deac-4878-be71-0af70975ce3a', 55),
('8fcf7901-907b-4400-9770-55e5b9a94243', '0d3ae198-a532-4bb8-aabc-b2aa835a8797', 11),
('8fcf7901-907b-4400-9770-55e5b9a94243', '319813b1-5767-44ce-819c-00c0281b0ff1', 46),
('8fcf7901-907b-4400-9770-55e5b9a94243', '4aea77bb-bb4e-4c95-ad88-b4fb4248f0fc', 96),
('8fcf7901-907b-4400-9770-55e5b9a94243', '56f732cb-e704-47cc-b592-fc0808a1ee5d', 26),
('8fcf7901-907b-4400-9770-55e5b9a94243', '719b8f60-5e3f-4e90-b6af-829503458504', 98),
('8fcf7901-907b-4400-9770-55e5b9a94243', '8163b0eb-d0c5-4f46-be06-924b2a200eee', 86),
('924d8204-811d-4809-8c8e-6c9eddc39420', '1d339398-bcc3-47da-8e38-7cc1c489e13c', 88),
('99af9018-369f-48b9-bbe5-a322bff8db54', '4e715ba2-ed94-4644-b1d1-4669beda3b42', 94),
('9e00f555-e39c-499a-a165-94e780c22d85', '319813b1-5767-44ce-819c-00c0281b0ff1', 75),
('9e00f555-e39c-499a-a165-94e780c22d85', '47277788-08e7-41a7-b69b-5f5b01366b66', 25),
('9e00f555-e39c-499a-a165-94e780c22d85', '48bf4fc1-92cf-4d0d-a771-9a4cdf587aaa', 97),
('9e00f555-e39c-499a-a165-94e780c22d85', '4aea77bb-bb4e-4c95-ad88-b4fb4248f0fc', 62),
('9e00f555-e39c-499a-a165-94e780c22d85', '53bc2f78-8e4e-409f-97b9-5659a836a5f8', 3),
('9e00f555-e39c-499a-a165-94e780c22d85', '58f13b42-362c-45ac-9971-ff8fc0eb2e1b', 89),
('9e00f555-e39c-499a-a165-94e780c22d85', '825402f1-1e8f-40dd-921f-cb8b7f300509', 65),
('9e00f555-e39c-499a-a165-94e780c22d85', '8dea8274-9087-49cb-9dfe-d5f7299019b7', 41),
('9e00f555-e39c-499a-a165-94e780c22d85', '9396e17a-cf00-47ab-b1c0-006bdeb624ad', 73),
('9e00f555-e39c-499a-a165-94e780c22d85', 'a1ac23d7-ef61-49d9-ba3e-bb9d16ae7f7e', 60),
('9e00f555-e39c-499a-a165-94e780c22d85', 'bc2e8af8-6fdd-4d9f-a253-6d4d1fe8183f', 31),
('9e00f555-e39c-499a-a165-94e780c22d85', 'c33018ac-2ddb-452b-8779-aa39025238e5', 57),
('9e00f555-e39c-499a-a165-94e780c22d85', 'd1aa4ab4-aeea-4fc7-a3cd-ac94b36e6d7f', 89),
('a1706b48-0083-4502-b4d3-6b05e1cc3b3e', '5eb9f667-66c9-496f-989a-7421ac9f6866', 40),
('a2519049-518e-4ee9-a952-59444077ed37', '0aabc59f-57e0-4c9e-8356-242f316d944a', 65),
('a2519049-518e-4ee9-a952-59444077ed37', '0d3ae198-a532-4bb8-aabc-b2aa835a8797', 97),
('a2519049-518e-4ee9-a952-59444077ed37', '48bf4fc1-92cf-4d0d-a771-9a4cdf587aaa', 96),
('a2519049-518e-4ee9-a952-59444077ed37', '671cd7a1-5c34-495a-b234-770b9c7f10a4', 96),
('a2519049-518e-4ee9-a952-59444077ed37', '75ce7bbb-fcd2-4071-94e1-60049af8a23f', 2),
('a2519049-518e-4ee9-a952-59444077ed37', '7b02a1f4-ad01-4fe3-9228-51b368aa524e', 65),
('a2519049-518e-4ee9-a952-59444077ed37', '825402f1-1e8f-40dd-921f-cb8b7f300509', 62),
('a2519049-518e-4ee9-a952-59444077ed37', '9396e17a-cf00-47ab-b1c0-006bdeb624ad', 62),
('a2519049-518e-4ee9-a952-59444077ed37', 'a2ed9ab9-ba88-4329-adde-42ab2d536801', 100),
('a2519049-518e-4ee9-a952-59444077ed37', 'b575ca85-5626-43f2-a0ed-c2bde86339be', 59),
('a2519049-518e-4ee9-a952-59444077ed37', 'bc2e8af8-6fdd-4d9f-a253-6d4d1fe8183f', 53),
('a2519049-518e-4ee9-a952-59444077ed37', 'c33018ac-2ddb-452b-8779-aa39025238e5', 99),
('a2519049-518e-4ee9-a952-59444077ed37', 'ee6524e1-80c1-4c5f-83a7-1ee551cdc297', 39),
('ab29d3ca-c8f6-4579-8234-39a7f1ebdcb7', '019dcb62-0cef-4ec9-82c9-43ad782ccd60', 77),
('ab29d3ca-c8f6-4579-8234-39a7f1ebdcb7', '1114dffb-9db9-4c62-8aa0-28f6f86a0875', 1),
('ab29d3ca-c8f6-4579-8234-39a7f1ebdcb7', '4aea77bb-bb4e-4c95-ad88-b4fb4248f0fc', 77),
('ab29d3ca-c8f6-4579-8234-39a7f1ebdcb7', '4e715ba2-ed94-4644-b1d1-4669beda3b42', 43),
('ab29d3ca-c8f6-4579-8234-39a7f1ebdcb7', '719b8f60-5e3f-4e90-b6af-829503458504', 25),
('ab29d3ca-c8f6-4579-8234-39a7f1ebdcb7', '72dc30ac-fa55-4cbf-9316-94df296c12c0', 35),
('ab29d3ca-c8f6-4579-8234-39a7f1ebdcb7', 'c33018ac-2ddb-452b-8779-aa39025238e5', 2),
('b65cd5fa-6155-4d9f-8e8c-e13876a76e20', '0d3ae198-a532-4bb8-aabc-b2aa835a8797', 20),
('b65cd5fa-6155-4d9f-8e8c-e13876a76e20', '2e8d09c8-e4ef-4a78-a955-56ad2b5626df', 8),
('b65cd5fa-6155-4d9f-8e8c-e13876a76e20', '4aea77bb-bb4e-4c95-ad88-b4fb4248f0fc', 5),
('b65cd5fa-6155-4d9f-8e8c-e13876a76e20', '58f13b42-362c-45ac-9971-ff8fc0eb2e1b', 35),
('b65cd5fa-6155-4d9f-8e8c-e13876a76e20', '72dc30ac-fa55-4cbf-9316-94df296c12c0', 76),
('b65cd5fa-6155-4d9f-8e8c-e13876a76e20', '75ce7bbb-fcd2-4071-94e1-60049af8a23f', 1),
('b65cd5fa-6155-4d9f-8e8c-e13876a76e20', '7b02a1f4-ad01-4fe3-9228-51b368aa524e', 87),
('b65cd5fa-6155-4d9f-8e8c-e13876a76e20', '9ba304e4-f30e-4197-82a5-84f41d100883', 1),
('b65cd5fa-6155-4d9f-8e8c-e13876a76e20', '9be933fe-7c68-4f29-94b1-b330a48740e2', 45),
('b65cd5fa-6155-4d9f-8e8c-e13876a76e20', 'a2ed9ab9-ba88-4329-adde-42ab2d536801', 62),
('b65cd5fa-6155-4d9f-8e8c-e13876a76e20', 'df5b0a67-c3c3-4323-8c0d-24384742d8b1', 97),
('b65cd5fa-6155-4d9f-8e8c-e13876a76e20', 'ee6524e1-80c1-4c5f-83a7-1ee551cdc297', 49),
('b9981506-a17a-4a04-bab8-093845fb844e', '090f6b1d-5488-4e48-b733-3fa16f22f153', 19),
('b9981506-a17a-4a04-bab8-093845fb844e', '0aabc59f-57e0-4c9e-8356-242f316d944a', 34),
('b9981506-a17a-4a04-bab8-093845fb844e', '319813b1-5767-44ce-819c-00c0281b0ff1', 87),
('b9981506-a17a-4a04-bab8-093845fb844e', '8163b0eb-d0c5-4f46-be06-924b2a200eee', 31),
('b9981506-a17a-4a04-bab8-093845fb844e', 'e3c41dc1-ce3d-44df-90de-b4c67f38176e', 24),
('c0f30eef-3b30-4dab-ae24-ea7b5f0f6f2d', 'ee6524e1-80c1-4c5f-83a7-1ee551cdc297', 65),
('c26c0a19-64d5-42aa-9ac7-637054486241', '090f6b1d-5488-4e48-b733-3fa16f22f153', 58),
('c26c0a19-64d5-42aa-9ac7-637054486241', '0d3ae198-a532-4bb8-aabc-b2aa835a8797', 31),
('c26c0a19-64d5-42aa-9ac7-637054486241', '58f13b42-362c-45ac-9971-ff8fc0eb2e1b', 89),
('c26c0a19-64d5-42aa-9ac7-637054486241', '668e721a-f097-4bb5-9660-f85ca9954181', 3),
('c26c0a19-64d5-42aa-9ac7-637054486241', '671cd7a1-5c34-495a-b234-770b9c7f10a4', 28),
('c26c0a19-64d5-42aa-9ac7-637054486241', '719b8f60-5e3f-4e90-b6af-829503458504', 6),
('c26c0a19-64d5-42aa-9ac7-637054486241', '8dea8274-9087-49cb-9dfe-d5f7299019b7', 25),
('c26c0a19-64d5-42aa-9ac7-637054486241', '90baf7fb-f3bd-4cb6-9511-cbf7fb4f0ca7', 96),
('c26c0a19-64d5-42aa-9ac7-637054486241', '9396e17a-cf00-47ab-b1c0-006bdeb624ad', 84),
('c26c0a19-64d5-42aa-9ac7-637054486241', 'b575ca85-5626-43f2-a0ed-c2bde86339be', 20),
('c26c0a19-64d5-42aa-9ac7-637054486241', 'd1aa4ab4-aeea-4fc7-a3cd-ac94b36e6d7f', 14),
('c26c0a19-64d5-42aa-9ac7-637054486241', 'e3c41dc1-ce3d-44df-90de-b4c67f38176e', 41),
('c26c0a19-64d5-42aa-9ac7-637054486241', 'ee6524e1-80c1-4c5f-83a7-1ee551cdc297', 51),
('c6f92156-3c07-481b-8fc9-3f1d96881372', '2aca5e3f-d7f6-4477-8775-c7f1b55bd555', 45),
('c6f92156-3c07-481b-8fc9-3f1d96881372', '2e8d09c8-e4ef-4a78-a955-56ad2b5626df', 36),
('c6f92156-3c07-481b-8fc9-3f1d96881372', '47277788-08e7-41a7-b69b-5f5b01366b66', 25),
('c6f92156-3c07-481b-8fc9-3f1d96881372', '4aea77bb-bb4e-4c95-ad88-b4fb4248f0fc', 74),
('c6f92156-3c07-481b-8fc9-3f1d96881372', '53ee8e29-e6d3-463b-9da3-4ef5a586aa39', 56),
('c6f92156-3c07-481b-8fc9-3f1d96881372', '5eb9f667-66c9-496f-989a-7421ac9f6866', 71),
('c6f92156-3c07-481b-8fc9-3f1d96881372', '726bac7c-0c70-496e-98ba-9c1a922aef27', 67),
('c6f92156-3c07-481b-8fc9-3f1d96881372', '8dea8274-9087-49cb-9dfe-d5f7299019b7', 62),
('c6f92156-3c07-481b-8fc9-3f1d96881372', 'b575ca85-5626-43f2-a0ed-c2bde86339be', 0),
('c6f92156-3c07-481b-8fc9-3f1d96881372', 'cb12a8b3-45fb-4471-9b4d-53f520ba52ba', 57),
('c6f92156-3c07-481b-8fc9-3f1d96881372', 'ee6524e1-80c1-4c5f-83a7-1ee551cdc297', 60),
('ca942765-820e-4105-a02e-f23b87c29ffd', '019dcb62-0cef-4ec9-82c9-43ad782ccd60', 74),
('ca942765-820e-4105-a02e-f23b87c29ffd', '1a4b3782-d515-4468-aab2-6cb0a07a7409', 89),
('ca942765-820e-4105-a02e-f23b87c29ffd', '47277788-08e7-41a7-b69b-5f5b01366b66', 80),
('ca942765-820e-4105-a02e-f23b87c29ffd', '4e715ba2-ed94-4644-b1d1-4669beda3b42', 84),
('ca942765-820e-4105-a02e-f23b87c29ffd', '668e721a-f097-4bb5-9660-f85ca9954181', 89),
('ca942765-820e-4105-a02e-f23b87c29ffd', '671cd7a1-5c34-495a-b234-770b9c7f10a4', 70),
('ca942765-820e-4105-a02e-f23b87c29ffd', '726bac7c-0c70-496e-98ba-9c1a922aef27', 56),
('ca942765-820e-4105-a02e-f23b87c29ffd', '75ce7bbb-fcd2-4071-94e1-60049af8a23f', 52),
('ca942765-820e-4105-a02e-f23b87c29ffd', '8163b0eb-d0c5-4f46-be06-924b2a200eee', 54),
('ca942765-820e-4105-a02e-f23b87c29ffd', '9ba304e4-f30e-4197-82a5-84f41d100883', 82),
('ca942765-820e-4105-a02e-f23b87c29ffd', 'a1ac23d7-ef61-49d9-ba3e-bb9d16ae7f7e', 61),
('ca942765-820e-4105-a02e-f23b87c29ffd', 'bfa32fa5-a1e0-486c-9e89-3365d704dbe3', 48),
('ca942765-820e-4105-a02e-f23b87c29ffd', 'df5b0a67-c3c3-4323-8c0d-24384742d8b1', 9),
('ca942765-820e-4105-a02e-f23b87c29ffd', 'e3c41dc1-ce3d-44df-90de-b4c67f38176e', 77),
('cbad9ef6-56df-426b-9e7d-d6be776eda44', '019dcb62-0cef-4ec9-82c9-43ad782ccd60', 98),
('cbad9ef6-56df-426b-9e7d-d6be776eda44', '02423d83-deac-4878-be71-0af70975ce3a', 6),
('cbad9ef6-56df-426b-9e7d-d6be776eda44', '0aabc59f-57e0-4c9e-8356-242f316d944a', 37),
('cbad9ef6-56df-426b-9e7d-d6be776eda44', '1a4b3782-d515-4468-aab2-6cb0a07a7409', 65),
('cbad9ef6-56df-426b-9e7d-d6be776eda44', '44474e41-1664-444b-8009-0cc419167380', 58),
('cbad9ef6-56df-426b-9e7d-d6be776eda44', '671cd7a1-5c34-495a-b234-770b9c7f10a4', 80),
('cbad9ef6-56df-426b-9e7d-d6be776eda44', '76673eb0-cc1a-41d6-90c4-b00add42ec45', 56),
('cbad9ef6-56df-426b-9e7d-d6be776eda44', '8163b0eb-d0c5-4f46-be06-924b2a200eee', 93),
('cbad9ef6-56df-426b-9e7d-d6be776eda44', '9be933fe-7c68-4f29-94b1-b330a48740e2', 86),
('cbad9ef6-56df-426b-9e7d-d6be776eda44', 'a2ed9ab9-ba88-4329-adde-42ab2d536801', 9),
('cbad9ef6-56df-426b-9e7d-d6be776eda44', 'a33022d5-b10e-4efe-8234-6a4178a7c381', 98),
('cbad9ef6-56df-426b-9e7d-d6be776eda44', 'bfa32fa5-a1e0-486c-9e89-3365d704dbe3', 99),
('cbad9ef6-56df-426b-9e7d-d6be776eda44', 'cb12a8b3-45fb-4471-9b4d-53f520ba52ba', 20),
('cbad9ef6-56df-426b-9e7d-d6be776eda44', 'cb3e64f6-cbf0-40bb-9358-7a1cd10ecd26', 8),
('cbad9ef6-56df-426b-9e7d-d6be776eda44', 'e3c41dc1-ce3d-44df-90de-b4c67f38176e', 4),
('cbad9ef6-56df-426b-9e7d-d6be776eda44', 'ee6524e1-80c1-4c5f-83a7-1ee551cdc297', 2),
('cbad9ef6-56df-426b-9e7d-d6be776eda44', 'f376f648-17f1-4251-bd84-0b453fb7998f', 26),
('d4cf8cf0-8a0c-4600-a085-280e179e8102', '0aabc59f-57e0-4c9e-8356-242f316d944a', 25),
('d4cf8cf0-8a0c-4600-a085-280e179e8102', '1114dffb-9db9-4c62-8aa0-28f6f86a0875', 1),
('d4cf8cf0-8a0c-4600-a085-280e179e8102', '4e715ba2-ed94-4644-b1d1-4669beda3b42', 89),
('d4cf8cf0-8a0c-4600-a085-280e179e8102', '58f13b42-362c-45ac-9971-ff8fc0eb2e1b', 16),
('d4cf8cf0-8a0c-4600-a085-280e179e8102', '671cd7a1-5c34-495a-b234-770b9c7f10a4', 56),
('d4cf8cf0-8a0c-4600-a085-280e179e8102', 'bc2e8af8-6fdd-4d9f-a253-6d4d1fe8183f', 39),
('d4cf8cf0-8a0c-4600-a085-280e179e8102', 'df5b0a67-c3c3-4323-8c0d-24384742d8b1', 64),
('d4cf8cf0-8a0c-4600-a085-280e179e8102', 'e3c41dc1-ce3d-44df-90de-b4c67f38176e', 87),
('d4cf8cf0-8a0c-4600-a085-280e179e8102', 'ee6524e1-80c1-4c5f-83a7-1ee551cdc297', 46),
('d8177cd7-a5ae-4e97-82e9-095af0eac6fc', '019dcb62-0cef-4ec9-82c9-43ad782ccd60', 46),
('d8177cd7-a5ae-4e97-82e9-095af0eac6fc', '90baf7fb-f3bd-4cb6-9511-cbf7fb4f0ca7', 53),
('d90bc1a3-db4e-4729-8c93-9b0911c7ab45', '090f6b1d-5488-4e48-b733-3fa16f22f153', 73),
('d90bc1a3-db4e-4729-8c93-9b0911c7ab45', '319813b1-5767-44ce-819c-00c0281b0ff1', 19),
('d90bc1a3-db4e-4729-8c93-9b0911c7ab45', '47277788-08e7-41a7-b69b-5f5b01366b66', 95),
('d90bc1a3-db4e-4729-8c93-9b0911c7ab45', '825402f1-1e8f-40dd-921f-cb8b7f300509', 89),
('d90bc1a3-db4e-4729-8c93-9b0911c7ab45', '8dea8274-9087-49cb-9dfe-d5f7299019b7', 55),
('d90bc1a3-db4e-4729-8c93-9b0911c7ab45', '90baf7fb-f3bd-4cb6-9511-cbf7fb4f0ca7', 56),
('d90bc1a3-db4e-4729-8c93-9b0911c7ab45', '9ba304e4-f30e-4197-82a5-84f41d100883', 80),
('d90bc1a3-db4e-4729-8c93-9b0911c7ab45', '9be933fe-7c68-4f29-94b1-b330a48740e2', 19),
('d90bc1a3-db4e-4729-8c93-9b0911c7ab45', 'a33022d5-b10e-4efe-8234-6a4178a7c381', 60),
('d90bc1a3-db4e-4729-8c93-9b0911c7ab45', 'bc2e8af8-6fdd-4d9f-a253-6d4d1fe8183f', 26),
('d90bc1a3-db4e-4729-8c93-9b0911c7ab45', 'cb12a8b3-45fb-4471-9b4d-53f520ba52ba', 32),
('d90bc1a3-db4e-4729-8c93-9b0911c7ab45', 'f376f648-17f1-4251-bd84-0b453fb7998f', 54),
('e2f2c70f-3188-489b-b0d9-5b800fd8198c', '0aabc59f-57e0-4c9e-8356-242f316d944a', 77),
('e2f2c70f-3188-489b-b0d9-5b800fd8198c', '44474e41-1664-444b-8009-0cc419167380', 85),
('e2f2c70f-3188-489b-b0d9-5b800fd8198c', '76673eb0-cc1a-41d6-90c4-b00add42ec45', 48),
('e2f2c70f-3188-489b-b0d9-5b800fd8198c', '825402f1-1e8f-40dd-921f-cb8b7f300509', 100),
('e2f2c70f-3188-489b-b0d9-5b800fd8198c', '8dea8274-9087-49cb-9dfe-d5f7299019b7', 82),
('e2f2c70f-3188-489b-b0d9-5b800fd8198c', 'a2ed9ab9-ba88-4329-adde-42ab2d536801', 86),
('e2f2c70f-3188-489b-b0d9-5b800fd8198c', 'a33022d5-b10e-4efe-8234-6a4178a7c381', 95),
('e2f2c70f-3188-489b-b0d9-5b800fd8198c', 'b575ca85-5626-43f2-a0ed-c2bde86339be', 69),
('e2f2c70f-3188-489b-b0d9-5b800fd8198c', 'cb3e64f6-cbf0-40bb-9358-7a1cd10ecd26', 37),
('eee55da3-4b63-4337-96ad-029287f9aaaf', '1114dffb-9db9-4c62-8aa0-28f6f86a0875', 15),
('eee55da3-4b63-4337-96ad-029287f9aaaf', '2aca5e3f-d7f6-4477-8775-c7f1b55bd555', 5),
('eee55da3-4b63-4337-96ad-029287f9aaaf', '4aea77bb-bb4e-4c95-ad88-b4fb4248f0fc', 24),
('eee55da3-4b63-4337-96ad-029287f9aaaf', '719b8f60-5e3f-4e90-b6af-829503458504', 75),
('eee55da3-4b63-4337-96ad-029287f9aaaf', '75ce7bbb-fcd2-4071-94e1-60049af8a23f', 12),
('eee55da3-4b63-4337-96ad-029287f9aaaf', '9be933fe-7c68-4f29-94b1-b330a48740e2', 40),
('f8cf32b9-0437-4e38-9d73-b7ec3e09e25e', '1114dffb-9db9-4c62-8aa0-28f6f86a0875', 25),
('f8cf32b9-0437-4e38-9d73-b7ec3e09e25e', '4e715ba2-ed94-4644-b1d1-4669beda3b42', 18),
('f8cf32b9-0437-4e38-9d73-b7ec3e09e25e', '5eb9f667-66c9-496f-989a-7421ac9f6866', 28),
('f8cf32b9-0437-4e38-9d73-b7ec3e09e25e', '668e721a-f097-4bb5-9660-f85ca9954181', 57),
('f8cf32b9-0437-4e38-9d73-b7ec3e09e25e', '671cd7a1-5c34-495a-b234-770b9c7f10a4', 5),
('f8cf32b9-0437-4e38-9d73-b7ec3e09e25e', '75ce7bbb-fcd2-4071-94e1-60049af8a23f', 13),
('f8cf32b9-0437-4e38-9d73-b7ec3e09e25e', '76673eb0-cc1a-41d6-90c4-b00add42ec45', 33),
('f8cf32b9-0437-4e38-9d73-b7ec3e09e25e', '7b02a1f4-ad01-4fe3-9228-51b368aa524e', 66),
('f8cf32b9-0437-4e38-9d73-b7ec3e09e25e', '8dea8274-9087-49cb-9dfe-d5f7299019b7', 35),
('f8cf32b9-0437-4e38-9d73-b7ec3e09e25e', '90baf7fb-f3bd-4cb6-9511-cbf7fb4f0ca7', 91),
('f8cf32b9-0437-4e38-9d73-b7ec3e09e25e', '9ba304e4-f30e-4197-82a5-84f41d100883', 81),
('f8cf32b9-0437-4e38-9d73-b7ec3e09e25e', 'bfa32fa5-a1e0-486c-9e89-3365d704dbe3', 44),
('f8cf32b9-0437-4e38-9d73-b7ec3e09e25e', 'cb3e64f6-cbf0-40bb-9358-7a1cd10ecd26', 52),
('fd3fd5f2-f0fe-4300-8717-fb47859b5a28', '090f6b1d-5488-4e48-b733-3fa16f22f153', 76),
('fd3fd5f2-f0fe-4300-8717-fb47859b5a28', '56f732cb-e704-47cc-b592-fc0808a1ee5d', 59),
('fd3fd5f2-f0fe-4300-8717-fb47859b5a28', '58f13b42-362c-45ac-9971-ff8fc0eb2e1b', 96),
('fd3fd5f2-f0fe-4300-8717-fb47859b5a28', '668e721a-f097-4bb5-9660-f85ca9954181', 78),
('fd3fd5f2-f0fe-4300-8717-fb47859b5a28', '671cd7a1-5c34-495a-b234-770b9c7f10a4', 19),
('fd3fd5f2-f0fe-4300-8717-fb47859b5a28', '75ce7bbb-fcd2-4071-94e1-60049af8a23f', 45),
('fd3fd5f2-f0fe-4300-8717-fb47859b5a28', 'a33022d5-b10e-4efe-8234-6a4178a7c381', 97),
('fd3fd5f2-f0fe-4300-8717-fb47859b5a28', 'c33018ac-2ddb-452b-8779-aa39025238e5', 40),
('fd3fd5f2-f0fe-4300-8717-fb47859b5a28', 'cb12a8b3-45fb-4471-9b4d-53f520ba52ba', 73),
('fd3fd5f2-f0fe-4300-8717-fb47859b5a28', 'e3c41dc1-ce3d-44df-90de-b4c67f38176e', 33),
('fd3fd5f2-f0fe-4300-8717-fb47859b5a28', 'f376f648-17f1-4251-bd84-0b453fb7998f', 31);

-- --------------------------------------------------------

--
-- Tábla szerkezet ehhez a táblához `series`
--

CREATE TABLE `series` (
  `id` varchar(36) NOT NULL,
  `seasons` int(11) NOT NULL,
  `episodes` int(11) NOT NULL
) ENGINE=InnoDB DEFAULT CHARSET=utf8mb4 COLLATE=utf8mb4_general_ci;

--
-- A tábla adatainak kiíratása `series`
--

INSERT INTO `series` (`id`, `seasons`, `episodes`) VALUES
('00f7a5d3-471c-4b92-8567-e366cf3d355b', 14, 434),
('0cc01aad-964e-4322-aab7-add5eecd700f', 19, 152),
('0cf1fa40-15c8-4f7b-a2e8-44e57a8b0051', 12, 468),
('1aea224c-41b7-41c5-8ff0-44ae63c8fe7b', 6, 450),
('1f0564bd-a4c0-4f57-a8a6-c20eaaaba783', 18, 1026),
('28016c69-8524-4dd4-87e8-8b24cf8e438d', 14, 462),
('30dd4088-c434-4462-826d-5572f143db3d', 3, 75),
('32b4926a-72a3-45e8-a41e-b2003a2e903f', 4, 328),
('35d9b7fe-33d7-4f57-99cc-51c833b02d8a', 1, 25),
('3b9a5a04-d38b-4b6f-9cc5-66800a610be3', 11, 693),
('410cd1e0-fdf1-47e8-b44c-b63aebf7372b', 13, 143),
('41200edc-ddb9-4795-9ade-218ee9a09ada', 7, 252),
('4a9087b0-fabe-4fbe-824f-10c09ff43895', 3, 267),
('64e15484-c482-4fe6-9970-2de05b67daf9', 11, 418),
('7496da9e-d038-4fd9-933f-23c0e5b5bd8d', 3, 207),
('79471f16-8d16-4767-947b-91df14c66ce5', 19, 437),
('7d4b8c86-f000-46de-8f22-33fd2d3e8591', 11, 154),
('9812bbdc-4f5a-4ae4-8051-c9c4a0907b44', 6, 198),
('b9c8c744-09a7-4569-9b03-c14b304ac181', 8, 680),
('c679b0bb-20fc-461f-a9da-7158b40a41ab', 12, 936),
('dd69f97e-1e66-4112-b6be-14a35e306706', 13, 858),
('e9ba2ed4-e778-4377-96b9-a4b82624ce83', 18, 1098),
('eeed55d2-e087-46f0-b8dc-a8684a8e3f90', 14, 588),
('f0c816fe-217a-4ecc-906c-8088331a7db7', 3, 168),
('fa25e322-b37d-47f8-ac90-238b1349e4b7', 20, 240);

-- --------------------------------------------------------

--
-- Tábla szerkezet ehhez a táblához `users`
--

CREATE TABLE `users` (
  `id` varchar(36) NOT NULL,
  `username` varchar(100) NOT NULL,
  `password` varchar(72) NOT NULL,
  `name` text NOT NULL
) ENGINE=InnoDB DEFAULT CHARSET=utf8mb4 COLLATE=utf8mb4_general_ci;

--
-- A tábla adatainak kiíratása `users`
--

INSERT INTO `users` (`id`, `username`, `password`, `name`) VALUES
('019dcb62-0cef-4ec9-82c9-43ad782ccd60', 'rschoulark', '$2a$04$634bW8fjeLCAyUhbjdxupeU3wSCBJ1B7L3urJ5J24/aJhzvlG7PWG', 'Roscoe Schoular'),
('02423d83-deac-4878-be71-0af70975ce3a', 'jtuteo', '$2a$04$6ln8mqL8sfZIQ7AuLOnOGuV7sqw5jnrF7fNavXP/V/RjS0vcsporu', 'Juliet Tute'),
('090f6b1d-5488-4e48-b733-3fa16f22f153', 'etinklin7', '$2a$04$1s/mUYeN9ewKfbNdBpZR0e979Eak8dOgOp5blOz9dv0Hgy4PinqQm', 'Erny Tinklin'),
('0aabc59f-57e0-4c9e-8356-242f316d944a', 'aotteryr', '$2a$04$EDh06VUSJ73LcNmzqea23O.lYNY7KLmwxJgydhTNK9IbJejsKZiG6', 'Arlette Ottery'),
('0d3ae198-a532-4bb8-aabc-b2aa835a8797', 'njerschkez', '$2a$04$9LdMZewLKuszMUhX3kc99OnOj6I.Sa02z1mwY.m03NaIRLT6WFjHm', 'Nero Jerschke'),
('1114dffb-9db9-4c62-8aa0-28f6f86a0875', 'vdalessandro18', '$2a$04$h7beU7h4D3lFuflTmBz0buBeSnyNbSk8ikf74OnMH8cZnN2SeYUD6', 'Vincents D\'Alessandro'),
('1a4b3782-d515-4468-aab2-6cb0a07a7409', 'tgallaherc', '$2a$04$FPEWMQbIjOeU/jYl6/lP/.daqole568rbYvGVwE.i8Iltk3IBLCb.', 'Tuck Gallaher'),
('1d339398-bcc3-47da-8e38-7cc1c489e13c', 'gsellarsm', '$2a$04$vcn2CEMSyUqRpQnTQKQEeO2W2d4nDPjIVea3EV4kpC4e8Gv.vMsg2', 'Gloriane Sellars'),
('2aca5e3f-d7f6-4477-8775-c7f1b55bd555', 'dgarwilll', '$2a$04$zECOjT66ovxF2W8zkd65iO2m/RvcvV9AKALhy/n1tjeH9VaQNq1XC', 'Devondra Garwill'),
('2e8d09c8-e4ef-4a78-a955-56ad2b5626df', 'dkumar9', '$2a$04$QFEBGUDlSK8nVX3VRmiTHONBHcmGq73uGUFwgqZNM/x/6j93BToo2', 'Devora Kumar'),
('319813b1-5767-44ce-819c-00c0281b0ff1', 'ltealln', '$2a$04$ZARhtiowifZ/.z2eDm8Zt.2jZBd1o2weM11sS1M.W9Gf7qryknPmC', 'Lucky Teall'),
('44474e41-1664-444b-8009-0cc419167380', 'tcrucetti11', '$2a$04$9H7FS0ztLvjlZCSt6Ew3NO/a/GkEzz9BOkw0cgNrowvrozNuNZhN.', 'Tish Crucetti'),
('47277788-08e7-41a7-b69b-5f5b01366b66', 'ahorlickh', '$2a$04$IN0GOIjJlebNeoksOa.36.qRW4AqbSH9La8i7zG5hXOkUIFm.LOcG', 'Aloin Horlick'),
('48bf4fc1-92cf-4d0d-a771-9a4cdf587aaa', 'jevery4', '$2a$04$v2VYAKIifd6xDbQuPBsT2epx9feofitQr5jgNrLlivzEmM1W7.ixK', 'Juana Every'),
('4aea77bb-bb4e-4c95-ad88-b4fb4248f0fc', 'cfrancois17', '$2a$04$jXu/.g4Wnp5milX.0bWLdetdOS3fmu6Y9GCjDvkL7mcX6MNDZESF6', 'Corbie Francois'),
('4e715ba2-ed94-4644-b1d1-4669beda3b42', 'blax0', '$2a$04$fSZ92Prs5xRefD4xeHb5auwDxbeK6WZ6vHl7B4kClacr0lL9ylWJe', 'Bonny Lax'),
('53bc2f78-8e4e-409f-97b9-5659a836a5f8', 'echismane', '$2a$04$XjYeyCOkWyMxdhjjxqRHs.gn4BFqfd/KMHsDxv8TpKdnNTKYkl0.e', 'Ethelind Chisman'),
('53ee8e29-e6d3-463b-9da3-4ef5a586aa39', 'gguwer16', '$2a$04$nbEmBhDnRLrgX6gU0ZqRFej.Rs.zxtZnz9uf901uQZGhnJGm3/7aG', 'Glory Guwer'),
('56f732cb-e704-47cc-b592-fc0808a1ee5d', 'sellett1a', '$2a$04$s2zoXI0U1ic9izOLtP8T5.s1lIcgMCvDYMA3OM/xTqYu00WVxxf7K', 'Scarlet Ellett'),
('58f13b42-362c-45ac-9971-ff8fc0eb2e1b', 'dkamenar2', '$2a$04$U9Q5LuolRh8YOZs0F6DegegOH4SLw97cHmQmGlFDEj4tT1zO9MB6e', 'Deane Kamenar'),
('5eb9f667-66c9-496f-989a-7421ac9f6866', 'mworsnap1b', '$2a$04$MV6KO.EdjWdMgBjZyvy1m.fc.lIh84WgQVE2pNIt1FZmwmTKyOV4y', 'Melicent Worsnap'),
('668e721a-f097-4bb5-9660-f85ca9954181', 'fgrenkov19', '$2a$04$/cQ6kpaNFryMKOq9t.3Spuu4ON928rE.RX6r2Omq1mUL7pK7.C4b2', 'Felicle Grenkov'),
('671cd7a1-5c34-495a-b234-770b9c7f10a4', 'hkinaneq', '$2a$04$3UMqMbiNktmlCh.89Jy2CeOU.cJ2hB6rAGSCME4IVhXyWZqwa3Opy', 'Hanni Kinane'),
('719b8f60-5e3f-4e90-b6af-829503458504', 'mximenezt', '$2a$04$aQE6d.cwHbl6RwYRXXPGHeJZux9yKmoukTb/FOup6xrOub0rPOjUG', 'Marguerite Ximenez'),
('726bac7c-0c70-496e-98ba-9c1a922aef27', 'agillson6', '$2a$04$.BRNMwCp86b91ke3NKbgOejrnTTc59a700FaaBa/6gw5kft9BReIu', 'Alexei Gillson'),
('72dc30ac-fa55-4cbf-9316-94df296c12c0', 'bsailor15', '$2a$04$rDHV5ub0LLQ0kIUjz8BpVeZ4TGluf6Vi7GWlXNBOJgSIqnTRxTHUu', 'Bidget Sailor'),
('75ce7bbb-fcd2-4071-94e1-60049af8a23f', 'dlippi1d', '$2a$04$LulcdgerEFz8mdUZ6h6ArexP4BY4R4EttxKSyp6xsOqzUXAUbfMOK', 'Danya Lippi'),
('76673eb0-cc1a-41d6-90c4-b00add42ec45', 'dshewenv', '$2a$04$BvaKNWqAgZfjM6MKST6ZsOOSPqad7YxFkjwjStRcE56DFt07OVj.K', 'Daphne Shewen'),
('7b02a1f4-ad01-4fe3-9228-51b368aa524e', 'abossej', '$2a$04$xwo4Y3uYs0a5DAxjfChI2OPzqfpoLY5V/HVOYcK.TgNXtDd5yxqSG', 'Angy Bosse'),
('8163b0eb-d0c5-4f46-be06-924b2a200eee', 'mfortunx', '$2a$04$Mp8r06WVlPYzwBhZGqyTdOzSfSyPsJTp7is6SdwN6yt0c2FpaiqBe', 'Monah Fortun'),
('825402f1-1e8f-40dd-921f-cb8b7f300509', 'rscandwright5', '$2a$04$H92tpio7AMp7d.nrhiu.bu6MJBuwdwRh8R6jBWBFBJt0Pqr85gz7u', 'Rorke Scandwright'),
('8dea8274-9087-49cb-9dfe-d5f7299019b7', 'urisings', '$2a$04$u2Epu9tUl/IRW9aSHRNY.ufrjmed3wCqJ5gSbagGVgvUjYEh79bqO', 'Urson Rising'),
('90baf7fb-f3bd-4cb6-9511-cbf7fb4f0ca7', 'sthezeu', '$2a$04$xYt9pg45m77jX3uwH2bfuuz2zMhdRQywgMNyjFtxL.JYHyhV4v8Hy', 'Sena Theze'),
('9396e17a-cf00-47ab-b1c0-006bdeb624ad', 'selgeep', '$2a$04$o.GEMj0Btz/RUrlStYVg4ep9CcjTb/BpCsVVMOz9GZtv0oMi1O3Ym', 'Shae Elgee'),
('9ba304e4-f30e-4197-82a5-84f41d100883', 'lrogister1', '$2a$04$F99rGUpkSXmgChiko8kb9ugD8z.VQslYHnnL5JXDAsgqrQgdon2b.', 'Louise Rogister'),
('9be933fe-7c68-4f29-94b1-b330a48740e2', 'pbarkway10', '$2a$04$6n8/wKzABgRUfQHzfYaCZO9Xxm6hYLYvHYhQC2v0KXQyDgYKA/NW6', 'Persis Barkway'),
('a1ac23d7-ef61-49d9-ba3e-bb9d16ae7f7e', 'rperrigof', '$2a$04$Y0.Erku/QngCuRFYPH9GT.9ffTjQ9gdgBx3fNoi.FFhx53zxZ6xda', 'Rhea Perrigo'),
('a2ed9ab9-ba88-4329-adde-42ab2d536801', 'esubhang', '$2a$04$i8/5FtoyWS.kGFpA9uXJV.kR0/YKLPzN7OdACdA7fXA7sAz8mKHSO', 'Eveleen Subhan'),
('a33022d5-b10e-4efe-8234-6a4178a7c381', 'sdagonw', '$2a$04$.VGPoL1/JC.r.Fhy8G5tyedD3pTvJOrDbuD9Hjkx1ZXjvtvuSUFV2', 'Smith Dagon'),
('b575ca85-5626-43f2-a0ed-c2bde86339be', 'adoubravaa', '$2a$04$yQfgKJQfiNJKsDnAwEYSNe9lN66TkTK3NtKBvKgNIume0W32JgTq6', 'Antin Doubrava'),
('bc2e8af8-6fdd-4d9f-a253-6d4d1fe8183f', 'sbischoff1c', '$2a$04$NgIlY8xaae7RwHbkJeg3Tu1oWFKRZUnamcmskfXGfwkbxMIsWnLma', 'Sherwood Bischoff'),
('bfa32fa5-a1e0-486c-9e89-3365d704dbe3', 'tarundaled', '$2a$04$oqLI6aCNLrXi4IRGDaGScefNMlJswPdmcP/M16cPEi9kmjKTDToVO', 'Tami Arundale'),
('c33018ac-2ddb-452b-8779-aa39025238e5', 'rrathjen12', '$2a$04$nSliHv4.5FqB2304U0Q1FeKyQijzzqj4AMW2hjjRtcZiKEGVenVgO', 'Rustin Rathjen'),
('cb12a8b3-45fb-4471-9b4d-53f520ba52ba', 'gsullivan13', '$2a$04$hl6lh3Q.wQoSTCCLwAiSDuB/kAskju.FaxnStM2K8gRgYPdEwqAG.', 'Gilbertina Sullivan'),
('cb3e64f6-cbf0-40bb-9358-7a1cd10ecd26', 'strubshawy', '$2a$04$1o/9vLMZYbBEJbmv17BOdOGP9oB3NuicfZks/j1jClk1uy8BIw9oG', 'Sander Trubshaw'),
('d1aa4ab4-aeea-4fc7-a3cd-ac94b36e6d7f', 'gkobierieckii', '$2a$04$AAi08t6TRroH/d5UYH1hWuc0f3i3oAU/oaDLZYl4nYMVOvq0yMAuG', 'Geoffrey Kobieriecki'),
('df5b0a67-c3c3-4323-8c0d-24384742d8b1', 'lgallo14', '$2a$04$YCGNc2Z6CoiRGkYFs244JOVCL3Y2mZ.9mv4Hoey6ufPFLD5i5wxrC', 'Lulu Gallo'),
('e3c41dc1-ce3d-44df-90de-b4c67f38176e', 'acombes3', '$2a$04$PWEvFuMYeUDqqVzK6VbnGeJDPq1d.6Axdz5Mww1312qSXADrx3jRO', 'Aloisia Combes'),
('ee6524e1-80c1-4c5f-83a7-1ee551cdc297', 'tmccormackb', '$2a$04$RmznirjuLJKC1AAQhaIWtOYpfZSdlRsoUxPS6D7Ed/P.drTBQNjwq', 'Taryn McCormack'),
('f376f648-17f1-4251-bd84-0b453fb7998f', 'nkosel8', '$2a$04$zHEFzTqwpghmxs3PbAo/7eFjaqNA3slq2Qq/ozCR/VeVEVxcMViPm', 'Norry Kosel');

--
-- Indexek a kiírt táblákhoz
--

--
-- A tábla indexei `actors`
--
ALTER TABLE `actors`
  ADD PRIMARY KEY (`id`),
  ADD KEY `country` (`country`);

--
-- A tábla indexei `actor_media`
--
ALTER TABLE `actor_media`
  ADD PRIMARY KEY (`actor`,`media`),
  ADD KEY `media` (`media`);

--
-- A tábla indexei `countries`
--
ALTER TABLE `countries`
  ADD PRIMARY KEY (`id`);

--
-- A tábla indexei `genres`
--
ALTER TABLE `genres`
  ADD PRIMARY KEY (`id`);

--
-- A tábla indexei `media`
--
ALTER TABLE `media`
  ADD PRIMARY KEY (`id`),
  ADD KEY `genre` (`genre`),
  ADD KEY `movie` (`movie`),
  ADD KEY `series` (`series`);

--
-- A tábla indexei `movies`
--
ALTER TABLE `movies`
  ADD PRIMARY KEY (`id`);

--
-- A tábla indexei `ratings`
--
ALTER TABLE `ratings`
  ADD PRIMARY KEY (`media`,`user`),
  ADD KEY `user` (`user`);

--
-- A tábla indexei `series`
--
ALTER TABLE `series`
  ADD PRIMARY KEY (`id`);

--
-- A tábla indexei `users`
--
ALTER TABLE `users`
  ADD PRIMARY KEY (`id`);

--
-- Megkötések a kiírt táblákhoz
--

--
-- Megkötések a táblához `actors`
--
ALTER TABLE `actors`
  ADD CONSTRAINT `actors_ibfk_1` FOREIGN KEY (`country`) REFERENCES `countries` (`id`) ON UPDATE CASCADE;

--
-- Megkötések a táblához `actor_media`
--
ALTER TABLE `actor_media`
  ADD CONSTRAINT `actor_media_ibfk_1` FOREIGN KEY (`actor`) REFERENCES `actors` (`id`) ON DELETE CASCADE ON UPDATE CASCADE,
  ADD CONSTRAINT `actor_media_ibfk_2` FOREIGN KEY (`media`) REFERENCES `media` (`id`) ON DELETE CASCADE ON UPDATE CASCADE;

--
-- Megkötések a táblához `media`
--
ALTER TABLE `media`
  ADD CONSTRAINT `media_ibfk_1` FOREIGN KEY (`genre`) REFERENCES `genres` (`id`) ON UPDATE CASCADE,
  ADD CONSTRAINT `media_ibfk_2` FOREIGN KEY (`movie`) REFERENCES `movies` (`id`) ON DELETE CASCADE ON UPDATE CASCADE,
  ADD CONSTRAINT `media_ibfk_3` FOREIGN KEY (`series`) REFERENCES `series` (`id`) ON DELETE CASCADE ON UPDATE CASCADE;

--
-- Megkötések a táblához `ratings`
--
ALTER TABLE `ratings`
  ADD CONSTRAINT `ratings_ibfk_1` FOREIGN KEY (`user`) REFERENCES `users` (`id`) ON DELETE CASCADE ON UPDATE CASCADE,
  ADD CONSTRAINT `ratings_ibfk_2` FOREIGN KEY (`media`) REFERENCES `media` (`id`) ON DELETE CASCADE ON UPDATE CASCADE;
COMMIT;

/*!40101 SET CHARACTER_SET_CLIENT=@OLD_CHARACTER_SET_CLIENT */;
/*!40101 SET CHARACTER_SET_RESULTS=@OLD_CHARACTER_SET_RESULTS */;
/*!40101 SET COLLATION_CONNECTION=@OLD_COLLATION_CONNECTION */;
